ValDate,MurexId,PortfolioId,CompanyId,ProgramId,AssetTypeId,CmpName,CmpPortfolio,Account
2019-11-15,100344,F0LVA07_01,07,VAGB_TCM_GPS_RIDER,IRS,TLIC,Non-FREC,CRP85
2019-11-15,100944,R05VA10_01,10,VAGB_TARE_GMWB,IRS,TFLIC,TFLIC,CRP60
2019-11-15,100945,R05VA10_01,10,VAGB_TARE_GMWB,IRS,TFLIC,TFLIC,CRP60
2019-11-15,101366,F0LVA07_01,07,VAGB_TCM_GPS_RIDER,IRS,TLIC,Non-FREC,CRP85
2019-11-15,101367,F0LVA07_01,07,VAGB_TCM_GPS_RIDER,IRS,TLIC,Non-FREC,CRP85
2019-11-15,102119,R05VA10_01,10,VAGB_TARE_GMWB,IRS,TFLIC,TFLIC,CRP60
2019-11-15,102293,R05VA10_01,10,VAGB_TARE_GMWB,IRS,TFLIC,TFLIC,CRP60
2019-11-15,102759,R05VA10_01,10,VAGB_TARE_GMWB,IRS,TFLIC,TFLIC,CRP60
2019-11-15,102850,F0LVA07_01,07,VAGB_TCM_GPS_RIDER,IRS,TLIC,Non-FREC,CRP85
2019-11-15,102915,R05VA10_01,10,VAGB_TARE_GMWB,IRS,TFLIC,TFLIC,CRP60
2019-11-15,102916,R05VA10_01,10,VAGB_TARE_GMWB,IRS,TFLIC,TFLIC,CRP60
2019-11-15,102923,F0LVA07_01,07,VAGB_TCM_GPS_RIDER,IRS,TLIC,Non-FREC,CRP85
2019-11-15,103565,F0LVA07_01,07,VAGB_TCM_GPS_RIDER,IRS,TLIC,Non-FREC,CRP85
2019-11-15,103576,F0LVA07_01,07,VAGB_TCM_GPS_RIDER,IRS,TLIC,Non-FREC,CRP85
2019-11-15,103942,F0LVA07_01,07,VAGB_TCM_GPS_RIDER,IRS,TLIC,Non-FREC,CRP85
2019-11-15,104727,F0LVA07_01,07,VAGB_TCM_GPS_RIDER,IRS,TLIC,Non-FREC,CRP85
2019-11-15,104728,F0LVA07_01,07,VAGB_TCM_GPS_RIDER,IRS,TLIC,Non-FREC,CRP85
2019-11-15,104830,R05VA10_01,10,VAGB_TARE_GMWB,IRS,TFLIC,TFLIC,CRP60
2019-11-15,105984,R05VA10_01,10,VAGB_TARE_GMWB,IRS,TFLIC,TFLIC,CRP60
2019-11-15,107648,F0LVA07_01,07,VAGB_TCM_GPS_RIDER,IRS,TLIC,Non-FREC,CRP85
2019-11-15,107649,F0LVA07_01,07,VAGB_TCM_GPS_RIDER,IRS,TLIC,Non-FREC,CRP85
2019-11-15,107691,F0LVA07_01,07,VAGB_TCM_GPS_RIDER,IRS,TLIC,Non-FREC,CRP85
2019-11-15,107828,F0LVA07_01,07,VAGB_TCM_GPS_RIDER,IRS,TLIC,Non-FREC,CRP85
2019-11-15,107971,F0LVA07_01,07,VAGB_TCM_GPS_RIDER,IRS,TLIC,Non-FREC,CRP85
2019-11-15,107976,R05VA10_01,10,VAGB_TARE_GMWB,IRS,TFLIC,TFLIC,CRP60
2019-11-15,108419,F0LVA07_01,07,VAGB_TCM_GPS_RIDER,IRS,TLIC,Non-FREC,CRP85
2019-11-15,108436,F0LVA07_01,07,VAGB_TCM_GPS_RIDER,IRS,TLIC,Non-FREC,CRP85
2019-11-15,108588,F0LVA07_01,07,VAGB_TCM_GPS_RIDER,IRS,TLIC,Non-FREC,CRP85
2019-11-15,108798,R05VA10_01,10,VAGB_TARE_GMWB,IRS,TFLIC,TFLIC,CRP60
2019-11-15,108799,R05VA10_01,10,VAGB_TARE_GMWB,IRS,TFLIC,TFLIC,CRP60
2019-11-15,108858,R05VA10_01,10,VAGB_TARE_GMWB,IRS,TFLIC,TFLIC,CRP60
2019-11-15,109026,F0LVA07_01,07,VAGB_TCM_GPS_RIDER,IRS,TLIC,Non-FREC,CRP85
2019-11-15,109059,F0LVA07_01,07,VAGB_TCM_GPS_RIDER,IRS,TLIC,Non-FREC,CRP85
2019-11-15,109494,F0LVA07_01,07,VAGB_TCM_GPS_RIDER,IRS,TLIC,Non-FREC,CRP85
2019-11-15,109637,F0LVA07_01,07,VAGB_TCM_GPS_RIDER,IRS,TLIC,Non-FREC,CRP85
2019-11-15,111175,F0LVA07_01,07,VAGB_TCM_GPS_RIDER,IRS,TLIC,Non-FREC,CRP85
2019-11-15,111176,F0LVA07_01,07,VAGB_TCM_GPS_RIDER,IRS,TLIC,Non-FREC,CRP85
2019-11-15,113072,F0LVA07_01,07,VAGB_TCM_GPS_RIDER,IRS,TLIC,Non-FREC,CRP85
2019-11-15,113987,R05VA10_01,10,VAGB_TARE_GMWB,IRS,TFLIC,TFLIC,CRP60
2019-11-15,114261,F0LVA07_01,07,VAGB_TCM_GPS_RIDER,IRS,TLIC,Non-FREC,CRP85
2019-11-15,114327,R05VA10_01,10,VAGB_TARE_GMWB,IRS,TFLIC,TFLIC,CRP60
2019-11-15,114716,F0LVA07_01,07,VAGB_TCM_GPS_RIDER,IRS,TLIC,Non-FREC,CRP85
2019-11-15,117572,R05VA10_01,10,VAGB_TARE_GMWB,IRS,TFLIC,TFLIC,CRP60
2019-11-15,117804,R05VA10_01,10,VAGB_TARE_GMWB,IRS,TFLIC,TFLIC,CRP60
2019-11-15,117856,F0LVA07_01,07,VAGB_TCM_GPS_RIDER,IRS,TLIC,Non-FREC,CRP85
2019-11-15,117857,R05VA10_01,10,VAGB_TARE_GMWB,IRS,TFLIC,TFLIC,CRP60
2019-11-15,118555,F0LVA07_01,07,VAGB_TCM_GPS_RIDER,IRS,TLIC,Non-FREC,CRP85
2019-11-15,120003,R05VA10_01,10,VAGB_TARE_GMWB,IRS,TFLIC,TFLIC,CRP60
2019-11-15,120133,F0LVA07_01,07,VAGB_TCM_GPS_RIDER,IRS,TLIC,Non-FREC,CRP85
2019-11-15,120480,F0LVA07_01,07,VAGB_TCM_GPS_RIDER,IRS,TLIC,Non-FREC,CRP85
2019-11-15,120531,R05VA10_01,10,VAGB_TARE_GMWB,IRS,TFLIC,TFLIC,CRP60
2019-11-15,120798,R05VA10_01,10,VAGB_TARE_GMWB,IRS,TFLIC,TFLIC,CRP60
2019-11-15,120826,R05VA10_01,10,VAGB_TARE_GMWB,IRS,TFLIC,TFLIC,CRP60
2019-11-15,121109,F0LVA07_01,07,VAGB_TCM_GPS_RIDER,IRS,TLIC,Non-FREC,CRP85
2019-11-15,121110,F0LVA07_01,07,VAGB_TCM_GPS_RIDER,IRS,TLIC,Non-FREC,CRP85
2019-11-15,121210,F0LVA07_01,07,VAGB_TCM_GPS_RIDER,IRS,TLIC,Non-FREC,CRP85
2019-11-15,121260,R05VA10_01,10,VAGB_TARE_GMWB,IRS,TFLIC,TFLIC,CRP60
2019-11-15,121261,R05VA10_01,10,VAGB_TARE_GMWB,IRS,TFLIC,TFLIC,CRP60
2019-11-15,121283,F0LVA07_01,07,VAGB_TCM_GPS_RIDER,IRS,TLIC,Non-FREC,CRP85
2019-11-15,121620,F0LVA07_01,07,VAGB_TCM_GPS_RIDER,IRS,TLIC,Non-FREC,CRP85
2019-11-15,121621,R05VA10_01,10,VAGB_TARE_GMWB,IRS,TFLIC,TFLIC,CRP60
2019-11-15,121628,F0LVA07_01,07,VAGB_TCM_GPS_RIDER,IRS,TLIC,Non-FREC,CRP85
2019-11-15,121757,F0LVA07_01,07,VAGB_TCM_GPS_RIDER,IRS,TLIC,Non-FREC,CRP85
2019-11-15,121758,F0LVA07_01,07,VAGB_TCM_GPS_RIDER,IRS,TLIC,Non-FREC,CRP85
2019-11-15,122119,F0LVA07_01,07,VAGB_TCM_GPS_RIDER,IRS,TLIC,Non-FREC,CRP85
2019-11-15,122363,R05VA10_01,10,VAGB_TARE_GMWB,IRS,TFLIC,TFLIC,CRP60
2019-11-15,122423,F0LVA07_01,07,VAGB_TCM_GPS_RIDER,IRS,TLIC,Non-FREC,CRP85
2019-11-15,122987,F0LVA10_01,10,VAGB_TCM_GPS_RIDER,IRS,TFLIC,TFLIC,CRP115
2019-11-15,122988,F0LVA10_01,10,VAGB_TCM_GPS_RIDER,IRS,TFLIC,TFLIC,CRP115
2019-11-15,122990,F0LVA10_01,10,VAGB_TCM_GPS_RIDER,IRS,TFLIC,TFLIC,CRP115
2019-11-15,123001,F0LVA10_01,10,VAGB_TCM_GPS_RIDER,IRS,TFLIC,TFLIC,CRP115
2019-11-15,123002,F0LVA10_01,10,VAGB_TCM_GPS_RIDER,IRS,TFLIC,TFLIC,CRP115
2019-11-15,123004,F0LVA26_01,26,VAGB_TCM_GPS_RIDER,IRS,TPLIC,Non-FREC,CRP84
2019-11-15,123012,F0LVA26_01,26,VAGB_TCM_GPS_RIDER,IRS,TPLIC,Non-FREC,CRP84
2019-11-15,123024,F0LVA07_01,07,VAGB_TCM_GPS_RIDER,IRS,TLIC,Non-FREC,CRP85
2019-11-15,123026,F0LVA07_01,07,VAGB_TCM_GPS_RIDER,IRS,TLIC,Non-FREC,CRP85
2019-11-15,123029,F0LVA07_01,07,VAGB_TCM_GPS_RIDER,IRS,TLIC,Non-FREC,CRP85
2019-11-15,123598,F0LVA07_01,07,VAGB_TCM_GPS_RIDER,IRS,TLIC,Non-FREC,CRP85
2019-11-15,123599,R05VA10_01,10,VAGB_TARE_GMWB,IRS,TFLIC,TFLIC,CRP60
2019-11-15,123600,R05VA10_01,10,VAGB_TARE_GMWB,IRS,TFLIC,TFLIC,CRP60
2019-11-15,123731,F0LVA07_01,07,VAGB_TCM_GPS_RIDER,IRS,TLIC,Non-FREC,CRP85
2019-11-15,123889,F0LVA07_01,07,VAGB_TCM_GPS_RIDER,IRS,TLIC,Non-FREC,CRP85
2019-11-15,124351,R05VA10_01,10,VAGB_TARE_GMWB,IRS,TFLIC,TFLIC,CRP60
2019-11-15,124429,F0LVA26_01,26,VAGB_TCM_GPS_RIDER,IRS,TPLIC,Non-FREC,CRP84
2019-11-15,124438,F0LVA07_01,07,VAGB_TCM_GPS_RIDER,IRS,TLIC,Non-FREC,CRP85
2019-11-15,124482,F0LVA07_01,07,VAGB_TCM_GPS_RIDER,IRS,TLIC,Non-FREC,CRP85
2019-11-15,124483,F0LVA07_01,07,VAGB_TCM_GPS_RIDER,IRS,TLIC,Non-FREC,CRP85
2019-11-15,124486,F0LVA10_01,10,VAGB_TCM_GPS_RIDER,IRS,TFLIC,TFLIC,CRP115
2019-11-15,124487,F0LVA10_01,10,VAGB_TCM_GPS_RIDER,IRS,TFLIC,TFLIC,CRP115
2019-11-15,124496,F0LVA07_01,07,VAGB_TCM_GPS_RIDER,IRS,TLIC,Non-FREC,CRP85
2019-11-15,124497,R05VA10_01,10,VAGB_TARE_GMWB,IRS,TFLIC,TFLIC,CRP60
2019-11-15,124498,F0LVA26_01,26,VAGB_TCM_GPS_RIDER,IRS,TPLIC,Non-FREC,CRP84
2019-11-15,124499,F0LVA07_01,07,VAGB_TCM_GPS_RIDER,IRS,TLIC,Non-FREC,CRP85
2019-11-15,125123,F0LVA07_01,07,VAGB_TCM_GPS_RIDER,IRS,TLIC,Non-FREC,CRP85
2019-11-15,125125,F0LVA07_01,07,VAGB_TCM_GPS_RIDER,IRS,TLIC,Non-FREC,CRP85
2019-11-15,125528,R05VA10_01,10,VAGB_TARE_GMWB,IRS,TFLIC,TFLIC,CRP60
2019-11-15,125572,F0LVA10_01,10,VAGB_TCM_GPS_RIDER,IRS,TFLIC,TFLIC,CRP115
2019-11-15,128651,F0LVA10_01,10,VAGB_TCM_GPS_RIDER,IRS,TFLIC,TFLIC,CRP115
2019-11-15,128652,F0LVA10_01,10,VAGB_TCM_GPS_RIDER,IRS,TFLIC,TFLIC,CRP115
2019-11-15,128801,F0LVA07_01,07,VAGB_TCM_GPS_RIDER,IRS,TLIC,Non-FREC,CRP85
2019-11-15,128806,F0LVA07_01,07,VAGB_TCM_GPS_RIDER,IRS,TLIC,Non-FREC,CRP85
2019-11-15,128809,F0LVA07_01,07,VAGB_TCM_GPS_RIDER,IRS,TLIC,Non-FREC,CRP85
2019-11-15,128811,F0LVA07_01,07,VAGB_TCM_GPS_RIDER,IRS,TLIC,Non-FREC,CRP85
2019-11-15,128858,F0LVA07_01,07,VAGB_TCM_GPS_RIDER,IRS,TLIC,Non-FREC,CRP85
2019-11-15,128914,F0LVA07_01,07,VAGB_TCM_GPS_RIDER,IRS,TLIC,Non-FREC,CRP85
2019-11-15,128975,F0LVA07_01,07,VAGB_TCM_GPS_RIDER,IRS,TLIC,Non-FREC,CRP85
2019-11-15,129002,R05VA10_01,10,VAGB_TARE_GMWB,IRS,TFLIC,TFLIC,CRP60
2019-11-15,129003,F0LVA07_01,07,VAGB_TCM_GPS_RIDER,IRS,TLIC,Non-FREC,CRP85
2019-11-15,129006,F0LVA07_01,07,VAGB_TCM_GPS_RIDER,IRS,TLIC,Non-FREC,CRP85
2019-11-15,129013,F0LVA10_01,10,VAGB_TCM_GPS_RIDER,IRS,TFLIC,TFLIC,CRP115
2019-11-15,129852,F0LVA07_01,07,VAGB_TCM_GPS_RIDER,IRS,TLIC,Non-FREC,CRP85
2019-11-15,129864,F0LVA07_01,07,VAGB_TCM_GPS_RIDER,IRS,TLIC,Non-FREC,CRP85
2019-11-15,129956,F0LVA07_01,07,VAGB_TCM_GPS_RIDER,IRS,TLIC,Non-FREC,CRP85
2019-11-15,130625,F0LVA07_01,07,VAGB_TCM_GPS_RIDER,IRS,TLIC,Non-FREC,CRP85
2019-11-15,130627,F0LVA26_01,26,VAGB_TCM_GPS_RIDER,IRS,TPLIC,Non-FREC,CRP84
2019-11-15,130628,F0LVA26_01,26,VAGB_TCM_GPS_RIDER,IRS,TPLIC,Non-FREC,CRP84
2019-11-15,130629,F0LVA10_01,10,VAGB_TCM_GPS_RIDER,IRS,TFLIC,TFLIC,CRP115
2019-11-15,130669,R05VA10_01,10,VAGB_TARE_GMWB,IRS,TFLIC,TFLIC,CRP60
2019-11-15,130687,F0LVA07_01,07,VAGB_TCM_GPS_RIDER,IRS,TLIC,Non-FREC,CRP85
2019-11-15,131354,R05VA10_01,10,VAGB_TARE_GMWB,IRS,TFLIC,TFLIC,CRP60
2019-11-15,131355,F0LVA10_01,10,VAGB_TCM_GPS_RIDER,IRS,TFLIC,TFLIC,CRP115
2019-11-15,131356,F0LVA26_01,26,VAGB_TCM_GPS_RIDER,IRS,TPLIC,Non-FREC,CRP84
2019-11-15,131367,F0LVA07_01,07,VAGB_TCM_GPS_RIDER,IRS,TLIC,Non-FREC,CRP85
2019-11-15,131809,F0LVA07_01,07,VAGB_TCM_GPS_RIDER,IRS,TLIC,Non-FREC,CRP85
2019-11-15,133249,R05VA10_01,10,VAGB_TARE_GMWB,IRS,TFLIC,TFLIC,CRP60
2019-11-15,134341,F0LVA10_01,10,VAGB_TCM_GPS_RIDER,IRS,TFLIC,TFLIC,CRP115
2019-11-15,134853,R05VA10_01,10,VAGB_TARE_GMWB,IRS,TFLIC,TFLIC,CRP60
2019-11-15,135018,R05VA10_01,10,VAGB_TARE_GMWB,IRS,TFLIC,TFLIC,CRP60
2019-11-15,135026,F0LVA07_01,07,VAGB_TCM_GPS_RIDER,IRS,TLIC,Non-FREC,CRP85
2019-11-15,135075,F0LVA10_01,10,VAGB_TCM_GPS_RIDER,IRS,TFLIC,TFLIC,CRP115
2019-11-15,135084,F0LVA10_01,10,VAGB_TCM_GPS_RIDER,IRS,TFLIC,TFLIC,CRP115
2019-11-15,136862,R05VA10_01,10,VAGB_TARE_GMWB,IRS,TFLIC,TFLIC,CRP60
2019-11-15,137241,F0LVA07_01,07,VAGB_TCM_GPS_RIDER,IRS,TLIC,Non-FREC,CRP85
2019-11-15,137677,F0LVA07_01,07,VAGB_TCM_GPS_RIDER,IRS,TLIC,Non-FREC,CRP85
2019-11-15,137678,F0LVA26_01,26,VAGB_TCM_GPS_RIDER,IRS,TPLIC,Non-FREC,CRP84
2019-11-15,137679,F0LVA10_01,10,VAGB_TCM_GPS_RIDER,IRS,TFLIC,TFLIC,CRP115
2019-11-15,137689,F0LVA26_01,26,VAGB_TCM_GPS_RIDER,IRS,TPLIC,Non-FREC,CRP84
2019-11-15,137901,R05VA10_01,10,VAGB_TARE_GMWB,IRS,TFLIC,TFLIC,CRP60
2019-11-15,137905,F0LVA07_01,07,VAGB_TCM_GPS_RIDER,IRS,TLIC,Non-FREC,CRP85
2019-11-15,138094,F0LVA10_01,10,VAGB_TCM_GPS_RIDER,IRS,TFLIC,TFLIC,CRP115
2019-11-15,138678,F0LVA07_01,07,VAGB_TCM_GPS_RIDER,IRS,TLIC,Non-FREC,CRP85
2019-11-15,139103,F0LVA07_01,07,VAGB_TCM_GPS_RIDER,IRS,TLIC,Non-FREC,CRP85
2019-11-15,139350,F0LVA26_01,26,VAGB_TCM_GPS_RIDER,IRS,TPLIC,Non-FREC,CRP84
2019-11-15,139351,F0LVA07_01,07,VAGB_TCM_GPS_RIDER,IRS,TLIC,Non-FREC,CRP85
2019-11-15,139756,F0LVA10_01,10,VAGB_TCM_GPS_RIDER,IRS,TFLIC,TFLIC,CRP115
2019-11-15,139757,R05VA10_01,10,VAGB_TARE_GMWB,IRS,TFLIC,TFLIC,CRP60
2019-11-15,140127,R05VA10_01,10,VAGB_TARE_GMWB,IRS,TFLIC,TFLIC,CRP60
2019-11-15,140627,F0LVA10_01,10,VAGB_TCM_GPS_RIDER,IRS,TFLIC,TFLIC,CRP115
2019-11-15,143005,F0LVA07_01,07,VAGB_TCM_GPS_RIDER,IRS,TLIC,Non-FREC,CRP85
2019-11-15,143006,F0LVA07_01,07,VAGB_TCM_GPS_RIDER,IRS,TLIC,Non-FREC,CRP85
2019-11-15,143425,R05VA10_01,10,VAGB_TARE_GMWB,IRS,TFLIC,TFLIC,CRP60
2019-11-15,143763,F0LVA10_01,10,VAGB_TCM_GPS_RIDER,IRS,TFLIC,TFLIC,CRP115
2019-11-15,144031,R05VA10_01,10,VAGB_TARE_GMWB,IRS,TFLIC,TFLIC,CRP60
2019-11-15,144177,F0LVA26_01,26,VAGB_TCM_GPS_RIDER,IRS,TPLIC,Non-FREC,CRP84
2019-11-15,148871,F0LVA26_01,26,VAGB_TCM_GPS_RIDER,IRS,TPLIC,Non-FREC,CRP84
2019-11-15,148909,R05VA10_01,10,VAGB_TARE_GMWB,IRS,TFLIC,TFLIC,CRP60
2019-11-15,149173,F0LVA07_01,07,VAGB_TCM_GPS_RIDER,IRS,TLIC,Non-FREC,CRP85
2019-11-15,149783,F0LVA07_01,07,VAGB_TCM_GPS_RIDER,IRS,TLIC,Non-FREC,CRP85
2019-11-15,149809,R05VA10_01,10,VAGB_TARE_GMWB,IRS,TFLIC,TFLIC,CRP60
2019-11-15,159559,F0LVA10_01,10,VAGB_TCM_GPS_RIDER,IRS,TFLIC,TFLIC,CRP115
2019-11-15,159560,R05VA10_01,10,VAGB_TARE_GMWB,IRS,TFLIC,TFLIC,CRP60
2019-11-15,159567,F0LVA07_01,07,VAGB_TCM_GPS_RIDER,IRS,TLIC,Non-FREC,CRP85
2019-11-15,159684,F0LVA10_01,10,VAGB_TCM_GPS_RIDER,IRS,TFLIC,TFLIC,CRP115
2019-11-15,160131,F0LVA07_01,07,VAGB_TCM_GPS_RIDER,IRS,TLIC,Non-FREC,CRP85
2019-11-15,160134,R05VA10_01,10,VAGB_TARE_GMWB,IRS,TFLIC,TFLIC,CRP60
2019-11-15,160533,R05VA10_01,10,VAGB_TARE_GMWB,IRS,TFLIC,TFLIC,CRP60
2019-11-15,164082,F0LVA07_01,07,VAGB_TCM_GPS_RIDER,IRS,TLIC,Non-FREC,CRP85
2019-11-15,164092,R05VA10_01,10,VAGB_TARE_GMWB,IRS,TFLIC,TFLIC,CRP60
2019-11-15,164668,R05VA10_01,10,VAGB_TARE_GMWB,IRS,TFLIC,TFLIC,CRP60
2019-11-15,165270,F0LVA26_01,26,VAGB_TCM_GPS_RIDER,IRS,TPLIC,Non-FREC,CRP84
2019-11-15,171968,F0LVA07_01,07,VAGB_TCM_GPS_RIDER,IRS,TLIC,Non-FREC,CRP85
2019-11-15,171976,F0LVA07_01,07,VAGB_TCM_GPS_RIDER,IRS,TLIC,Non-FREC,CRP85
2019-11-15,171983,F0LVA07_01,07,VAGB_TCM_GPS_RIDER,IRS,TLIC,Non-FREC,CRP85
2019-11-15,171986,F0LVA07_01,07,VAGB_TCM_GPS_RIDER,IRS,TLIC,Non-FREC,CRP85
2019-11-15,176510,R05VA10_01,10,VAGB_TARE_GMWB,IRS,TFLIC,TFLIC,CRP60
2019-11-15,194494,F0LVA07_01,07,VAGB_TCM_GPS_RIDER,IRS,TLIC,Non-FREC,CRP85
2019-11-15,195611,F0LVA07_01,07,VAGB_TCM_GPS_RIDER,IRS,TLIC,Non-FREC,CRP85
2019-11-15,195925,F0LVA10_01,10,VAGB_TCM_GPS_RIDER,IRS,TFLIC,TFLIC,CRP115
2019-11-15,201176,F0LVA07_01,07,VAGB_TCM_GPS_RIDER,IRS,TLIC,Non-FREC,CRP85
2019-11-15,203520,F0LVA07_01,07,VAGB_TCM_GPS_RIDER,VAR_SPX,TLIC,Non-FREC,CRP85
2019-11-15,203567,F0LVA07_01,07,VAGB_TCM_GPS_RIDER,VAR_SPX,TLIC,Non-FREC,CRP85
2019-11-15,204081,F0LVA07_01,07,VAGB_TCM_GPS_RIDER,IRS,TLIC,Non-FREC,CRP85
2019-11-15,204082,F0LVA07_01,07,VAGB_TCM_GPS_RIDER,IRS,TLIC,Non-FREC,CRP85
2019-11-15,205511,F0LVA07_01,07,VAGB_TCM_GPS_RIDER,VAR_SPX,TLIC,Non-FREC,CRP85
2019-11-15,207468,F0LVA07_01,07,VAGB_TCM_GPS_RIDER,VAR_SPX,TLIC,Non-FREC,CRP85
2019-11-15,207650,F0LVA10_01,10,VAGB_TCM_GPS_RIDER,IRS,TFLIC,TFLIC,CRP115
2019-11-15,209017,F0LVA07_01,07,VAGB_TCM_GPS_RIDER,IRS,TLIC,Non-FREC,CRP85
2019-11-15,209384,F0LVA07_01,07,VAGB_TCM_GPS_RIDER,VAR_SPX,TLIC,Non-FREC,CRP85
2019-11-15,209415,F0LVA07_01,07,VAGB_TCM_GPS_RIDER,VAR_SPX,TLIC,Non-FREC,CRP85
2019-11-15,209823,F0LVA07_01,07,VAGB_TCM_GPS_RIDER,VAR_SPX,TLIC,Non-FREC,CRP85
2019-11-15,209824,F0LVA07_01,07,VAGB_TCM_GPS_RIDER,VAR_SPX,TLIC,Non-FREC,CRP85
2019-11-15,209826,F0LVA07_01,07,VAGB_TCM_GPS_RIDER,VAR_SPX,TLIC,Non-FREC,CRP85
2019-11-15,210812,F0LVA07_01,07,VAGB_TCM_GPS_RIDER,IRS,TLIC,Non-FREC,CRP85
2019-11-15,210931,F0LVA07_01,07,VAGB_TCM_GPS_RIDER,VAR_SPX,TLIC,Non-FREC,CRP85
2019-11-15,211026,F0LVA07_01,07,VAGB_TCM_GPS_RIDER,VAR_SPX,TLIC,Non-FREC,CRP85
2019-11-15,213078,F0LVA07_01,07,VAGB_TCM_GPS_RIDER,VAR_SPX,TLIC,Non-FREC,CRP85
2019-11-15,214532,F0LVA07_01,07,VAGB_TCM_GPS_RIDER,VAR_SPX,TLIC,Non-FREC,CRP85
2019-11-15,214582,F0LVA07_01,07,VAGB_TCM_GPS_RIDER,VAR_SPX,TLIC,Non-FREC,CRP85
2019-11-15,214800,S01SR07_01,07,TCM_MACRO_DE_HEDGE,PUT_SPX,TLIC,Non-FREC,""
2019-11-15,214982,F0LVA10_01,10,VAGB_TCM_GPS_RIDER,IRS,TFLIC,TFLIC,CRP115
2019-11-15,214983,S01SR07_01,07,TCM_MACRO_DE_HEDGE,PUT_EAFE,TLIC,Non-FREC,""
2019-11-15,214984,S01SR07_01,07,TCM_MACRO_DE_HEDGE,PUT_EAFE,TLIC,Non-FREC,""
2019-11-15,214985,S01SR07_01,07,TCM_MACRO_DE_HEDGE,PUT_RTY,TLIC,Non-FREC,""
2019-11-15,214986,S01SR07_01,07,TCM_MACRO_DE_HEDGE,PUT_RTY,TLIC,Non-FREC,""
2019-11-15,215050,S01SR07_01,07,TCM_MACRO_DE_HEDGE,PUT_SPX,TLIC,Non-FREC,""
2019-11-15,215051,S01SR07_01,07,TCM_MACRO_DE_HEDGE,PUT_SPX,TLIC,Non-FREC,""
2019-11-15,215052,S01SR07_01,07,TCM_MACRO_DE_HEDGE,PUT_SPX,TLIC,Non-FREC,""
2019-11-15,215694,F0LVA07_01,07,VAGB_TCM_GPS_RIDER,VAR_SPX,TLIC,Non-FREC,CRP85
2019-11-15,215762,F0LVA07_01,07,VAGB_TCM_GPS_RIDER,VAR_SPX,TLIC,Non-FREC,CRP85
2019-11-15,216116,F0LVA07_01,07,VAGB_TCM_GPS_RIDER,IRS,TLIC,Non-FREC,CRP85
2019-11-15,216543,F0LVA07_01,07,VAGB_TCM_GPS_RIDER,VAR_SPX,TLIC,Non-FREC,CRP85
2019-11-15,216544,F0LVA07_01,07,VAGB_TCM_GPS_RIDER,VAR_SPX,TLIC,Non-FREC,CRP85
2019-11-15,217258,F0LVA10_01,10,VAGB_TCM_GPS_RIDER,IRS,TFLIC,TFLIC,CRP115
2019-11-15,218237,F0LVA07_01,07,VAGB_TCM_GPS_RIDER,IRS,TLIC,Non-FREC,CRP85
2019-11-15,218468,F0LVA07_01,07,VAGB_TCM_GPS_RIDER,IRS,TLIC,Non-FREC,CRP85
2019-11-15,218578,F0LVA07_01,07,VAGB_TCM_GPS_RIDER,IRS,TLIC,Non-FREC,CRP85
2019-11-15,218634,F0LVA07_01,07,VAGB_TCM_GPS_RIDER,IRS,TLIC,Non-FREC,CRP85
2019-11-15,218667,F0LVA07_01,07,VAGB_TCM_GPS_RIDER,IRS,TLIC,Non-FREC,CRP85
2019-11-15,218674,F0LVA10_01,10,VAGB_TCM_GPS_RIDER,IRS,TFLIC,TFLIC,CRP115
2019-11-15,218675,F0LVA07_01,07,VAGB_TCM_GPS_RIDER,IRS,TLIC,Non-FREC,CRP85
2019-11-15,218678,F0LVA07_01,07,VAGB_TCM_GPS_RIDER,IRS,TLIC,Non-FREC,CRP85
2019-11-15,218957,F0LVA07_01,07,VAGB_TCM_GPS_RIDER,IRS,TLIC,Non-FREC,CRP85
2019-11-15,218997,F0LVA07_01,07,VAGB_TCM_GPS_RIDER,VAR_SPX,TLIC,Non-FREC,CRP85
2019-11-15,219002,F0LVA07_01,07,VAGB_TCM_GPS_RIDER,IRS,TLIC,Non-FREC,CRP85
2019-11-15,219747,F0LVA07_01,07,VAGB_TCM_GPS_RIDER,VAR_SPX,TLIC,Non-FREC,CRP85
2019-11-15,219748,F0LVA07_01,07,VAGB_TCM_GPS_RIDER,VAR_SPX,TLIC,Non-FREC,CRP85
2019-11-15,219766,F0LVA07_01,07,VAGB_TCM_GPS_RIDER,VAR_SPX,TLIC,Non-FREC,CRP85
2019-11-15,221973,F0LVA07_01,07,VAGB_TCM_GPS_RIDER,IRS,TLIC,Non-FREC,CRP85
2019-11-15,222577,F0LVA07_01,07,VAGB_TCM_GPS_RIDER,IRS,TLIC,Non-FREC,CRP85
2019-11-15,222628,F0LVA07_01,07,VAGB_TCM_GPS_RIDER,IRS,TLIC,Non-FREC,CRP85
2019-11-15,223750,F0LVA07_01,07,VAGB_TCM_GPS_RIDER,IRS,TLIC,Non-FREC,CRP85
2019-11-15,223751,F0LVA07_01,07,VAGB_TCM_GPS_RIDER,IRS,TLIC,Non-FREC,CRP85
2019-11-15,225312,F0LVA07_01,07,VAGB_TCM_GPS_RIDER,IRS,TLIC,Non-FREC,CRP85
2019-11-15,226205,F0LVA07_01,07,VAGB_TCM_GPS_RIDER,IRS,TLIC,Non-FREC,CRP85
2019-11-15,227158,F0LVA07_01,07,VAGB_TCM_GPS_RIDER,IRS,TLIC,Non-FREC,CRP85
2019-11-15,227159,F0LVA10_01,10,VAGB_TCM_GPS_RIDER,IRS,TFLIC,TFLIC,CRP115
2019-11-15,227192,F0LVA07_01,07,VAGB_TCM_GPS_RIDER,IRS,TLIC,Non-FREC,CRP85
2019-11-15,227725,F0LVA07_01,07,VAGB_TCM_GPS_RIDER,IRS,TLIC,Non-FREC,CRP85
2019-11-15,227846,F0LVA07_01,07,VAGB_TCM_GPS_RIDER,IRS,TLIC,Non-FREC,CRP85
2019-11-15,227892,F0LVA07_01,07,VAGB_TCM_GPS_RIDER,IRS,TLIC,Non-FREC,CRP85
2019-11-15,228250,F0LVA07_01,07,VAGB_TCM_GPS_RIDER,IRS,TLIC,Non-FREC,CRP85
2019-11-15,228268,F0LVA07_01,07,VAGB_TCM_GPS_RIDER,IRS,TLIC,Non-FREC,CRP85
2019-11-15,228528,F0LVA07_01,07,VAGB_TCM_GPS_RIDER,IRS,TLIC,Non-FREC,CRP85
2019-11-15,228631,F0LVA07_01,07,VAGB_TCM_GPS_RIDER,IRS,TLIC,Non-FREC,CRP85
2019-11-15,229375,F0LVA07_01,07,VAGB_TCM_GPS_RIDER,IRS,TLIC,Non-FREC,CRP85
2019-11-15,230018,F0LVA10_01,10,VAGB_TCM_GPS_RIDER,IRS,TFLIC,TFLIC,CRP115
2019-11-15,230287,F0LVA07_01,07,VAGB_TCM_GPS_RIDER,IRS,TLIC,Non-FREC,CRP85
2019-11-15,231337,S01SR07_01,07,TCM_MACRO_DE_HEDGE,PUT_SPX,TLIC,Non-FREC,""
2019-11-15,231338,S01SR07_01,07,TCM_MACRO_DE_HEDGE,PUT_SPX,TLIC,Non-FREC,""
2019-11-15,231339,S01SR07_01,07,TCM_MACRO_DE_HEDGE,PUT_SPX,TLIC,Non-FREC,""
2019-11-15,231340,S01SR07_01,07,TCM_MACRO_DE_HEDGE,PUT_SPX,TLIC,Non-FREC,""
2019-11-15,231341,S01SR07_01,07,TCM_MACRO_DE_HEDGE,PUT_SPX,TLIC,Non-FREC,""
2019-11-15,231342,S01SR07_01,07,TCM_MACRO_DE_HEDGE,PUT_SPX,TLIC,Non-FREC,""
2019-11-15,231865,S01SR07_01,07,TCM_MACRO_DE_HEDGE,PUT_SPX,TLIC,Non-FREC,""
2019-11-15,231866,S01SR07_01,07,TCM_MACRO_DE_HEDGE,PUT_SPX,TLIC,Non-FREC,""
2019-11-15,231867,S01SR07_01,07,TCM_MACRO_DE_HEDGE,PUT_SPX,TLIC,Non-FREC,""
2019-11-15,231868,S01SR07_01,07,TCM_MACRO_DE_HEDGE,PUT_SPX,TLIC,Non-FREC,""
2019-11-15,231869,S01SR07_01,07,TCM_MACRO_DE_HEDGE,PUT_SPX,TLIC,Non-FREC,""
2019-11-15,231870,S01SR07_01,07,TCM_MACRO_DE_HEDGE,PUT_SPX,TLIC,Non-FREC,""
2019-11-15,231871,S01SR07_01,07,TCM_MACRO_DE_HEDGE,PUT_SPX,TLIC,Non-FREC,""
2019-11-15,231872,S01SR07_01,07,TCM_MACRO_DE_HEDGE,PUT_SPX,TLIC,Non-FREC,""
2019-11-15,231873,S01SR07_01,07,TCM_MACRO_DE_HEDGE,PUT_SPX,TLIC,Non-FREC,""
2019-11-15,232721,S01SR07_01,07,TCM_MACRO_DE_HEDGE,PUT_SPX,TLIC,Non-FREC,""
2019-11-15,232722,S01SR07_01,07,TCM_MACRO_DE_HEDGE,PUT_SPX,TLIC,Non-FREC,""
2019-11-15,232723,S01SR07_01,07,TCM_MACRO_DE_HEDGE,PUT_SPX,TLIC,Non-FREC,""
2019-11-15,232724,S01SR07_01,07,TCM_MACRO_DE_HEDGE,PUT_SPX,TLIC,Non-FREC,""
2019-11-15,232725,S01SR07_01,07,TCM_MACRO_DE_HEDGE,PUT_SPX,TLIC,Non-FREC,""
2019-11-15,232726,S01SR07_01,07,TCM_MACRO_DE_HEDGE,PUT_SPX,TLIC,Non-FREC,""
2019-11-15,233019,S01SR07_01,07,TCM_MACRO_DE_HEDGE,PUT_SPX,TLIC,Non-FREC,""
2019-11-15,233020,S01SR07_01,07,TCM_MACRO_DE_HEDGE,PUT_SPX,TLIC,Non-FREC,""
2019-11-15,233021,S01SR07_01,07,TCM_MACRO_DE_HEDGE,PUT_SPX,TLIC,Non-FREC,""
2019-11-15,233022,S01SR07_01,07,TCM_MACRO_DE_HEDGE,PUT_SPX,TLIC,Non-FREC,""
2019-11-15,233023,S01SR07_01,07,TCM_MACRO_DE_HEDGE,PUT_SPX,TLIC,Non-FREC,""
2019-11-15,233024,S01SR07_01,07,TCM_MACRO_DE_HEDGE,PUT_SPX,TLIC,Non-FREC,""
2019-11-15,233027,S01SR07_01,07,TCM_MACRO_DE_HEDGE,PUT_SPX,TLIC,Non-FREC,""
2019-11-15,233028,S01SR07_01,07,TCM_MACRO_DE_HEDGE,PUT_SPX,TLIC,Non-FREC,""
2019-11-15,233029,S01SR07_01,07,TCM_MACRO_DE_HEDGE,PUT_SPX,TLIC,Non-FREC,""
2019-11-15,233030,S01SR07_01,07,TCM_MACRO_DE_HEDGE,PUT_SPX,TLIC,Non-FREC,""
2019-11-15,233031,S01SR07_01,07,TCM_MACRO_DE_HEDGE,PUT_SPX,TLIC,Non-FREC,""
2019-11-15,233032,S01SR07_01,07,TCM_MACRO_DE_HEDGE,PUT_SPX,TLIC,Non-FREC,""
2019-11-15,233034,S01SR07_01,07,TCM_MACRO_DE_HEDGE,PUT_SPX,TLIC,Non-FREC,""
2019-11-15,233035,S01SR07_01,07,TCM_MACRO_DE_HEDGE,PUT_SPX,TLIC,Non-FREC,""
2019-11-15,233036,S01SR07_01,07,TCM_MACRO_DE_HEDGE,PUT_SPX,TLIC,Non-FREC,""
2019-11-15,233037,S01SR07_01,07,TCM_MACRO_DE_HEDGE,PUT_SPX,TLIC,Non-FREC,""
2019-11-15,233038,S01SR07_01,07,TCM_MACRO_DE_HEDGE,PUT_SPX,TLIC,Non-FREC,""
2019-11-15,233039,S01SR07_01,07,TCM_MACRO_DE_HEDGE,PUT_SPX,TLIC,Non-FREC,""
2019-11-15,233040,S01SR07_01,07,TCM_MACRO_DE_HEDGE,PUT_SPX,TLIC,Non-FREC,""
2019-11-15,233042,S01SR07_01,07,TCM_MACRO_DE_HEDGE,PUT_SPX,TLIC,Non-FREC,""
2019-11-15,233043,S01SR07_01,07,TCM_MACRO_DE_HEDGE,PUT_SPX,TLIC,Non-FREC,""
2019-11-15,233199,F0LVA10_01,10,VAGB_TCM_GPS_RIDER,IRS,TFLIC,TFLIC,CRP115
2019-11-15,233326,S01SR07_01,07,TCM_MACRO_DE_HEDGE,PUT_SPX,TLIC,Non-FREC,""
2019-11-15,233333,S01SR07_01,07,TCM_MACRO_DE_HEDGE,PUT_SPX,TLIC,Non-FREC,""
2019-11-15,233334,S01SR07_01,07,TCM_MACRO_DE_HEDGE,PUT_SPX,TLIC,Non-FREC,""
2019-11-15,233336,S01SR07_01,07,TCM_MACRO_DE_HEDGE,PUT_SPX,TLIC,Non-FREC,""
2019-11-15,233349,S01SR07_01,07,TCM_MACRO_DE_HEDGE,PUT_SPX,TLIC,Non-FREC,""
2019-11-15,233350,S01SR07_01,07,TCM_MACRO_DE_HEDGE,PUT_SPX,TLIC,Non-FREC,""
2019-11-15,233352,S01SR07_01,07,TCM_MACRO_DE_HEDGE,PUT_SPX,TLIC,Non-FREC,""
2019-11-15,233353,S01SR07_01,07,TCM_MACRO_DE_HEDGE,PUT_SPX,TLIC,Non-FREC,""
2019-11-15,233354,S01SR07_01,07,TCM_MACRO_DE_HEDGE,PUT_SPX,TLIC,Non-FREC,""
2019-11-15,233355,S01SR07_01,07,TCM_MACRO_DE_HEDGE,PUT_SPX,TLIC,Non-FREC,""
2019-11-15,233356,S01SR07_01,07,TCM_MACRO_DE_HEDGE,PUT_SPX,TLIC,Non-FREC,""
2019-11-15,233357,S01SR07_01,07,TCM_MACRO_DE_HEDGE,PUT_SPX,TLIC,Non-FREC,""
2019-11-15,233358,S01SR07_01,07,TCM_MACRO_DE_HEDGE,PUT_SPX,TLIC,Non-FREC,""
2019-11-15,233359,S01SR07_01,07,TCM_MACRO_DE_HEDGE,PUT_SPX,TLIC,Non-FREC,""
2019-11-15,233360,S01SR07_01,07,TCM_MACRO_DE_HEDGE,PUT_SPX,TLIC,Non-FREC,""
2019-11-15,233361,S01SR07_01,07,TCM_MACRO_DE_HEDGE,PUT_SPX,TLIC,Non-FREC,""
2019-11-15,233362,S01SR07_01,07,TCM_MACRO_DE_HEDGE,PUT_SPX,TLIC,Non-FREC,""
2019-11-15,233363,S01SR07_01,07,TCM_MACRO_DE_HEDGE,PUT_SPX,TLIC,Non-FREC,""
2019-11-15,233364,S01SR07_01,07,TCM_MACRO_DE_HEDGE,PUT_SPX,TLIC,Non-FREC,""
2019-11-15,233365,S01SR07_01,07,TCM_MACRO_DE_HEDGE,PUT_SPX,TLIC,Non-FREC,""
2019-11-15,233366,S01SR07_01,07,TCM_MACRO_DE_HEDGE,PUT_SPX,TLIC,Non-FREC,""
2019-11-15,233553,F0LVA07_01,07,VAGB_TCM_GPS_RIDER,IRS,TLIC,Non-FREC,CRP85
2019-11-15,233619,S01SR07_01,07,TCM_MACRO_DE_HEDGE,PUT_SPX,TLIC,Non-FREC,""
2019-11-15,233620,S01SR07_01,07,TCM_MACRO_DE_HEDGE,PUT_SPX,TLIC,Non-FREC,""
2019-11-15,233629,S01SR07_01,07,TCM_MACRO_DE_HEDGE,PUT_SPX,TLIC,Non-FREC,""
2019-11-15,233630,S01SR07_01,07,TCM_MACRO_DE_HEDGE,PUT_SPX,TLIC,Non-FREC,""
2019-11-15,233634,S01SR07_01,07,TCM_MACRO_DE_HEDGE,PUT_SPX,TLIC,Non-FREC,""
2019-11-15,233636,S01SR07_01,07,TCM_MACRO_DE_HEDGE,PUT_SPX,TLIC,Non-FREC,""
2019-11-15,233638,S01SR07_01,07,TCM_MACRO_DE_HEDGE,PUT_SPX,TLIC,Non-FREC,""
2019-11-15,233642,S01SR07_01,07,TCM_MACRO_DE_HEDGE,PUT_SPX,TLIC,Non-FREC,""
2019-11-15,233644,S01SR07_01,07,TCM_MACRO_DE_HEDGE,PUT_SPX,TLIC,Non-FREC,""
2019-11-15,233658,S01SR07_01,07,TCM_MACRO_DE_HEDGE,PUT_SPX,TLIC,Non-FREC,""
2019-11-15,233668,S01SR07_01,07,TCM_MACRO_DE_HEDGE,PUT_SPX,TLIC,Non-FREC,""
2019-11-15,233669,S01SR07_01,07,TCM_MACRO_DE_HEDGE,PUT_SPX,TLIC,Non-FREC,""
2019-11-15,233670,S01SR07_01,07,TCM_MACRO_DE_HEDGE,PUT_SPX,TLIC,Non-FREC,""
2019-11-15,233671,S01SR07_01,07,TCM_MACRO_DE_HEDGE,PUT_SPX,TLIC,Non-FREC,""
2019-11-15,233673,S01SR07_01,07,TCM_MACRO_DE_HEDGE,PUT_SPX,TLIC,Non-FREC,""
2019-11-15,233674,S01SR07_01,07,TCM_MACRO_DE_HEDGE,PUT_SPX,TLIC,Non-FREC,""
2019-11-15,233675,S01SR07_01,07,TCM_MACRO_DE_HEDGE,PUT_SPX,TLIC,Non-FREC,""
2019-11-15,233676,S01SR07_01,07,TCM_MACRO_DE_HEDGE,PUT_SPX,TLIC,Non-FREC,""
2019-11-15,233677,S01SR07_01,07,TCM_MACRO_DE_HEDGE,PUT_SPX,TLIC,Non-FREC,""
2019-11-15,233678,S01SR07_01,07,TCM_MACRO_DE_HEDGE,PUT_SPX,TLIC,Non-FREC,""
2019-11-15,233679,S01SR07_01,07,TCM_MACRO_DE_HEDGE,PUT_SPX,TLIC,Non-FREC,""
2019-11-15,233855,S01SR07_01,07,TCM_MACRO_DE_HEDGE,PUT_SPX,TLIC,Non-FREC,""
2019-11-15,233856,S01SR07_01,07,TCM_MACRO_DE_HEDGE,PUT_SPX,TLIC,Non-FREC,""
2019-11-15,233857,S01SR07_01,07,TCM_MACRO_DE_HEDGE,PUT_SPX,TLIC,Non-FREC,""
2019-11-15,233858,S01SR07_01,07,TCM_MACRO_DE_HEDGE,PUT_SPX,TLIC,Non-FREC,""
2019-11-15,233859,S01SR07_01,07,TCM_MACRO_DE_HEDGE,PUT_SPX,TLIC,Non-FREC,""
2019-11-15,233860,S01SR07_01,07,TCM_MACRO_DE_HEDGE,PUT_SPX,TLIC,Non-FREC,""
2019-11-15,233861,S01SR07_01,07,TCM_MACRO_DE_HEDGE,PUT_SPX,TLIC,Non-FREC,""
2019-11-15,233862,S01SR07_01,07,TCM_MACRO_DE_HEDGE,PUT_SPX,TLIC,Non-FREC,""
2019-11-15,233863,S01SR07_01,07,TCM_MACRO_DE_HEDGE,PUT_SPX,TLIC,Non-FREC,""
2019-11-15,233864,S01SR07_01,07,TCM_MACRO_DE_HEDGE,PUT_SPX,TLIC,Non-FREC,""
2019-11-15,233867,S01SR07_01,07,TCM_MACRO_DE_HEDGE,PUT_SPX,TLIC,Non-FREC,""
2019-11-15,233869,S01SR07_01,07,TCM_MACRO_DE_HEDGE,PUT_SPX,TLIC,Non-FREC,""
2019-11-15,233871,S01SR07_01,07,TCM_MACRO_DE_HEDGE,PUT_SPX,TLIC,Non-FREC,""
2019-11-15,233872,S01SR07_01,07,TCM_MACRO_DE_HEDGE,PUT_SPX,TLIC,Non-FREC,""
2019-11-15,233873,S01SR07_01,07,TCM_MACRO_DE_HEDGE,PUT_SPX,TLIC,Non-FREC,""
2019-11-15,233875,S01SR07_01,07,TCM_MACRO_DE_HEDGE,PUT_SPX,TLIC,Non-FREC,""
2019-11-15,233876,S01SR07_01,07,TCM_MACRO_DE_HEDGE,PUT_SPX,TLIC,Non-FREC,""
2019-11-15,233877,S01SR07_01,07,TCM_MACRO_DE_HEDGE,PUT_SPX,TLIC,Non-FREC,""
2019-11-15,233878,S01SR07_01,07,TCM_MACRO_DE_HEDGE,PUT_SPX,TLIC,Non-FREC,""
2019-11-15,233880,S01SR07_01,07,TCM_MACRO_DE_HEDGE,PUT_SPX,TLIC,Non-FREC,""
2019-11-15,233881,S01SR07_01,07,TCM_MACRO_DE_HEDGE,PUT_SPX,TLIC,Non-FREC,""
2019-11-15,234381,F0LVA07_01,07,VAGB_TCM_GPS_RIDER,IRS,TLIC,Non-FREC,CRP85
2019-11-15,234513,F0LVA07_01,07,VAGB_TCM_GPS_RIDER,IRS,TLIC,Non-FREC,CRP85
2019-11-15,234523,R05VA10_01,10,VAGB_TARE_GMWB,IRS,TFLIC,TFLIC,CRP60
2019-11-15,237565,F0LVA07_01,07,VAGB_TCM_GPS_RIDER,IRS,TLIC,Non-FREC,CRP85
2019-11-15,237760,F0LVA07_01,07,VAGB_TCM_GPS_RIDER,IRS,TLIC,Non-FREC,CRP85
2019-11-15,238549,F0LVA10_01,10,VAGB_TCM_GPS_RIDER,IRS,TFLIC,TFLIC,CRP115
2019-11-15,238572,F0LVA07_01,07,VAGB_TCM_GPS_RIDER,IRS,TLIC,Non-FREC,CRP85
2019-11-15,238622,S01SR07_01,07,TCM_MACRO_DE_HEDGE,PUT_SPX,TLIC,Non-FREC,""
2019-11-15,238623,S01SR07_01,07,TCM_MACRO_DE_HEDGE,PUT_SPX,TLIC,Non-FREC,""
2019-11-15,238624,S01SR07_01,07,TCM_MACRO_DE_HEDGE,PUT_SPX,TLIC,Non-FREC,""
2019-11-15,238625,S01SR07_01,07,TCM_MACRO_DE_HEDGE,PUT_SPX,TLIC,Non-FREC,""
2019-11-15,238626,S01SR07_01,07,TCM_MACRO_DE_HEDGE,PUT_SPX,TLIC,Non-FREC,""
2019-11-15,238627,S01SR07_01,07,TCM_MACRO_DE_HEDGE,PUT_SPX,TLIC,Non-FREC,""
2019-11-15,238628,S01SR07_01,07,TCM_MACRO_DE_HEDGE,PUT_SPX,TLIC,Non-FREC,""
2019-11-15,238629,S01SR07_01,07,TCM_MACRO_DE_HEDGE,PUT_SPX,TLIC,Non-FREC,""
2019-11-15,238630,S01SR07_01,07,TCM_MACRO_DE_HEDGE,PUT_SPX,TLIC,Non-FREC,""
2019-11-15,238631,S01SR07_01,07,TCM_MACRO_DE_HEDGE,PUT_SPX,TLIC,Non-FREC,""
2019-11-15,238632,S01SR07_01,07,TCM_MACRO_DE_HEDGE,PUT_SPX,TLIC,Non-FREC,""
2019-11-15,238633,S01SR07_01,07,TCM_MACRO_DE_HEDGE,PUT_SPX,TLIC,Non-FREC,""
2019-11-15,238634,S01SR07_01,07,TCM_MACRO_DE_HEDGE,PUT_SPX,TLIC,Non-FREC,""
2019-11-15,238635,S01SR07_01,07,TCM_MACRO_DE_HEDGE,PUT_SPX,TLIC,Non-FREC,""
2019-11-15,238643,F0LVA07_01,07,VAGB_TCM_GPS_RIDER,IRS,TLIC,Non-FREC,CRP85
2019-11-15,238644,F0LVA07_01,07,VAGB_TCM_GPS_RIDER,IRS,TLIC,Non-FREC,CRP85
2019-11-15,238724,R05VA10_01,10,VAGB_TARE_GMWB,IRS,TFLIC,TFLIC,CRP60
2019-11-15,238730,R05VA10_01,10,VAGB_TARE_GMWB,IRS,TFLIC,TFLIC,CRP60
2019-11-15,238741,F0LVA10_01,10,VAGB_TCM_GPS_RIDER,IRS,TFLIC,TFLIC,CRP115
2019-11-15,239652,F0LVA10_01,10,VAGB_TCM_GPS_RIDER,IRS,TFLIC,TFLIC,CRP115
2019-11-15,240391,F0LVA07_01,07,VAGB_TCM_GPS_RIDER,IRS,TLIC,Non-FREC,CRP85
2019-11-15,240515,F0LVA26_01,26,VAGB_TCM_GPS_RIDER,IRS,TPLIC,Non-FREC,CRP84
2019-11-15,241210,F0LVA26_01,26,VAGB_TCM_GPS_RIDER,IRS,TPLIC,Non-FREC,CRP84
2019-11-15,241211,F0LVA07_01,07,VAGB_TCM_GPS_RIDER,IRS,TLIC,Non-FREC,CRP85
2019-11-15,242540,F0LVA26_01,26,VAGB_TCM_GPS_RIDER,IRS,TPLIC,Non-FREC,CRP84
2019-11-15,242605,F0LVA07_01,07,VAGB_TCM_GPS_RIDER,VAR_SPX,TLIC,Non-FREC,CRP85
2019-11-15,242699,F0LVA07_01,07,VAGB_TCM_GPS_RIDER,IRS,TLIC,Non-FREC,CRP85
2019-11-15,243006,F0LVA07_01,07,VAGB_TCM_GPS_RIDER,IRS,TLIC,Non-FREC,CRP85
2019-11-15,243007,F0LVA26_01,26,VAGB_TCM_GPS_RIDER,IRS,TPLIC,Non-FREC,CRP84
2019-11-15,243287,F0LVA07_01,07,VAGB_TCM_GPS_RIDER,IRS,TLIC,Non-FREC,CRP85
2019-11-15,243310,F0LVA07_01,07,VAGB_TCM_GPS_RIDER,IRS,TLIC,Non-FREC,CRP85
2019-11-15,243388,F0LVA26_01,26,VAGB_TCM_GPS_RIDER,IRS,TPLIC,Non-FREC,CRP84
2019-11-15,243734,F0LVA07_01,07,VAGB_TCM_GPS_RIDER,IRS,TLIC,Non-FREC,CRP85
2019-11-15,243775,F0LVA07_01,07,VAGB_TCM_GPS_RIDER,IRS,TLIC,Non-FREC,CRP85
2019-11-15,243776,F0LVA07_01,07,VAGB_TCM_GPS_RIDER,IRS,TLIC,Non-FREC,CRP85
2019-11-15,243924,F0LVA07_01,07,VAGB_TCM_GPS_RIDER,IRS,TLIC,Non-FREC,CRP85
2019-11-15,243925,F0LVA07_01,07,VAGB_TCM_GPS_RIDER,IRS,TLIC,Non-FREC,CRP85
2019-11-15,244025,R05VA10_01,10,VAGB_TARE_GMWB,IRS,TFLIC,TFLIC,CRP60
2019-11-15,244364,S01SR07_01,07,TCM_MACRO_DE_HEDGE,PUT_SPX,TLIC,Non-FREC,""
2019-11-15,244365,S01SR07_01,07,TCM_MACRO_DE_HEDGE,PUT_SPX,TLIC,Non-FREC,""
2019-11-15,244737,F0LVA07_01,07,VAGB_TCM_GPS_RIDER,IRS,TLIC,Non-FREC,CRP85
2019-11-15,244839,F0LVA07_01,07,VAGB_TCM_GPS_RIDER,IRS,TLIC,Non-FREC,CRP85
2019-11-15,244853,F0LVA07_01,07,VAGB_TCM_GPS_RIDER,IRS,TLIC,Non-FREC,CRP85
2019-11-15,244876,S01SR07_01,07,TCM_MACRO_DE_HEDGE,PUT_SPX,TLIC,Non-FREC,""
2019-11-15,244877,S01SR07_01,07,TCM_MACRO_DE_HEDGE,PUT_SPX,TLIC,Non-FREC,""
2019-11-15,244878,S01SR07_01,07,TCM_MACRO_DE_HEDGE,PUT_SPX,TLIC,Non-FREC,""
2019-11-15,244879,S01SR07_01,07,TCM_MACRO_DE_HEDGE,PUT_SPX,TLIC,Non-FREC,""
2019-11-15,244880,S01SR07_01,07,TCM_MACRO_DE_HEDGE,PUT_SPX,TLIC,Non-FREC,""
2019-11-15,244881,S01SR07_01,07,TCM_MACRO_DE_HEDGE,PUT_SPX,TLIC,Non-FREC,""
2019-11-15,244882,S01SR07_01,07,TCM_MACRO_DE_HEDGE,PUT_SPX,TLIC,Non-FREC,""
2019-11-15,244883,S01SR07_01,07,TCM_MACRO_DE_HEDGE,PUT_SPX,TLIC,Non-FREC,""
2019-11-15,244884,S01SR07_01,07,TCM_MACRO_DE_HEDGE,PUT_SPX,TLIC,Non-FREC,""
2019-11-15,244885,S01SR07_01,07,TCM_MACRO_DE_HEDGE,PUT_SPX,TLIC,Non-FREC,""
2019-11-15,244886,S01SR07_01,07,TCM_MACRO_DE_HEDGE,PUT_SPX,TLIC,Non-FREC,""
2019-11-15,244887,S01SR07_01,07,TCM_MACRO_DE_HEDGE,PUT_SPX,TLIC,Non-FREC,""
2019-11-15,244888,S01SR07_01,07,TCM_MACRO_DE_HEDGE,PUT_SPX,TLIC,Non-FREC,""
2019-11-15,244889,S01SR07_01,07,TCM_MACRO_DE_HEDGE,PUT_SPX,TLIC,Non-FREC,""
2019-11-15,244890,S01SR07_01,07,TCM_MACRO_DE_HEDGE,PUT_SPX,TLIC,Non-FREC,""
2019-11-15,244891,S01SR07_01,07,TCM_MACRO_DE_HEDGE,PUT_SPX,TLIC,Non-FREC,""
2019-11-15,244892,S01SR07_01,07,TCM_MACRO_DE_HEDGE,PUT_SPX,TLIC,Non-FREC,""
2019-11-15,244893,S01SR07_01,07,TCM_MACRO_DE_HEDGE,PUT_SPX,TLIC,Non-FREC,""
2019-11-15,244894,S01SR07_01,07,TCM_MACRO_DE_HEDGE,PUT_SPX,TLIC,Non-FREC,""
2019-11-15,244897,S01SR07_01,07,TCM_MACRO_DE_HEDGE,PUT_SPX,TLIC,Non-FREC,""
2019-11-15,244898,S01SR07_01,07,TCM_MACRO_DE_HEDGE,PUT_SPX,TLIC,Non-FREC,""
2019-11-15,244899,S01SR07_01,07,TCM_MACRO_DE_HEDGE,PUT_SPX,TLIC,Non-FREC,""
2019-11-15,244900,S01SR07_01,07,TCM_MACRO_DE_HEDGE,PUT_SPX,TLIC,Non-FREC,""
2019-11-15,244901,S01SR07_01,07,TCM_MACRO_DE_HEDGE,PUT_SPX,TLIC,Non-FREC,""
2019-11-15,246010,F0LVA07_01,07,VAGB_TCM_GPS_RIDER,IRS,TLIC,Non-FREC,CRP85
2019-11-15,246039,F0LVA07_01,07,VAGB_TCM_GPS_RIDER,IRS,TLIC,Non-FREC,CRP85
2019-11-15,246367,F0LVA07_01,07,VAGB_TCM_GPS_RIDER,IRS,TLIC,Non-FREC,CRP85
2019-11-15,246379,F0LVA07_01,07,VAGB_TCM_GPS_RIDER,IRS,TLIC,Non-FREC,CRP85
2019-11-15,246428,F0LVA07_01,07,VAGB_TCM_GPS_RIDER,IRS,TLIC,Non-FREC,CRP85
2019-11-15,246436,F0LVA07_01,07,VAGB_TCM_GPS_RIDER,IRS,TLIC,Non-FREC,CRP85
2019-11-15,246441,F0LVA07_01,07,VAGB_TCM_GPS_RIDER,IRS,TLIC,Non-FREC,CRP85
2019-11-15,246615,R05VA10_01,10,VAGB_TARE_GMWB,IRS,TFLIC,TFLIC,CRP60
2019-11-15,246635,F0LVA07_01,07,VAGB_TCM_GPS_RIDER,IRS,TLIC,Non-FREC,CRP85
2019-11-15,246668,F0LVA07_01,07,VAGB_TCM_GPS_RIDER,IRS,TLIC,Non-FREC,CRP85
2019-11-15,246701,F0LVA07_01,07,VAGB_TCM_GPS_RIDER,IRS,TLIC,Non-FREC,CRP85
2019-11-15,246703,F0LVA10_01,10,VAGB_TCM_GPS_RIDER,IRS,TFLIC,TFLIC,CRP115
2019-11-15,246711,F0LVA10_01,10,VAGB_TCM_GPS_RIDER,IRS,TFLIC,TFLIC,CRP115
2019-11-15,246712,F0LVA26_01,26,VAGB_TCM_GPS_RIDER,IRS,TPLIC,Non-FREC,CRP84
2019-11-15,246714,F0LVA07_01,07,VAGB_TCM_GPS_RIDER,IRS,TLIC,Non-FREC,CRP85
2019-11-15,246715,F0LVA07_01,07,VAGB_TCM_GPS_RIDER,IRS,TLIC,Non-FREC,CRP85
2019-11-15,246733,F0LVA07_01,07,VAGB_TCM_GPS_RIDER,IRS,TLIC,Non-FREC,CRP85
2019-11-15,246734,F0LVA07_01,07,VAGB_TCM_GPS_RIDER,IRS,TLIC,Non-FREC,CRP85
2019-11-15,246844,F0LVA07_01,07,VAGB_TCM_GPS_RIDER,IRS,TLIC,Non-FREC,CRP85
2019-11-15,246860,F0LVA07_01,07,VAGB_TCM_GPS_RIDER,IRS,TLIC,Non-FREC,CRP85
2019-11-15,247024,F0LVA07_01,07,VAGB_TCM_GPS_RIDER,IRS,TLIC,Non-FREC,CRP85
2019-11-15,247025,F0LVA07_01,07,VAGB_TCM_GPS_RIDER,IRS,TLIC,Non-FREC,CRP85
2019-11-15,247026,F0LVA07_01,07,VAGB_TCM_GPS_RIDER,VAR_SPX,TLIC,Non-FREC,CRP85
2019-11-15,247040,F0LVA07_01,07,VAGB_TCM_GPS_RIDER,IRS,TLIC,Non-FREC,CRP85
2019-11-15,247049,F0LVA26_01,26,VAGB_TCM_GPS_RIDER,IRS,TPLIC,Non-FREC,CRP84
2019-11-15,247206,F0LVA07_01,07,VAGB_TCM_GPS_RIDER,VAR_SPX,TLIC,Non-FREC,CRP85
2019-11-15,247253,S01SR07_01,07,TCM_MACRO_DE_HEDGE,PUT_SPX,TLIC,Non-FREC,""
2019-11-15,247254,S01SR07_01,07,TCM_MACRO_DE_HEDGE,PUT_SPX,TLIC,Non-FREC,""
2019-11-15,247259,S01SR07_01,07,TCM_MACRO_DE_HEDGE,PUT_SPX,TLIC,Non-FREC,""
2019-11-15,247367,F0LVA07_01,07,VAGB_TCM_GPS_RIDER,IRS,TLIC,Non-FREC,CRP85
2019-11-15,247368,F0LVA07_01,07,VAGB_TCM_GPS_RIDER,IRS,TLIC,Non-FREC,CRP85
2019-11-15,247379,F0LVA07_01,07,VAGB_TCM_GPS_RIDER,IRS,TLIC,Non-FREC,CRP85
2019-11-15,247558,F0LVA07_01,07,VAGB_TCM_GPS_RIDER,IRS,TLIC,Non-FREC,CRP85
2019-11-15,247561,F0LVA07_01,07,VAGB_TCM_GPS_RIDER,IRS,TLIC,Non-FREC,CRP85
2019-11-15,247563,F0LVA26_01,26,VAGB_TCM_GPS_RIDER,IRS,TPLIC,Non-FREC,CRP84
2019-11-15,247587,F0LVA07_01,07,VAGB_TCM_GPS_RIDER,IRS,TLIC,Non-FREC,CRP85
2019-11-15,247598,F0LVA07_01,07,VAGB_TCM_GPS_RIDER,IRS,TLIC,Non-FREC,CRP85
2019-11-15,247936,F0LVA07_01,07,VAGB_TCM_GPS_RIDER,IRS,TLIC,Non-FREC,CRP85
2019-11-15,247938,R05VA10_01,10,VAGB_TARE_GMWB,IRS,TFLIC,TFLIC,CRP60
2019-11-15,248010,F0LVA07_01,07,VAGB_TCM_GPS_RIDER,IRS,TLIC,Non-FREC,CRP85
2019-11-15,248309,F0LVA26_01,26,VAGB_TCM_GPS_RIDER,IRS,TPLIC,Non-FREC,CRP84
2019-11-15,248310,R05VA10_01,10,VAGB_TARE_GMWB,IRS,TFLIC,TFLIC,CRP60
2019-11-15,248311,F0LVA07_01,07,VAGB_TCM_GPS_RIDER,IRS,TLIC,Non-FREC,CRP85
2019-11-15,248312,F0LVA07_01,07,VAGB_TCM_GPS_RIDER,TRS_DUAGTRUU,TLIC,Non-FREC,CRP85
2019-11-15,248341,F0LVA07_01,07,VAGB_TCM_GPS_RIDER,IRS,TLIC,Non-FREC,CRP85
2019-11-15,248476,R05VA10_01,10,VAGB_TARE_GMWB,IRS,TFLIC,TFLIC,CRP60
2019-11-15,248772,F0LVA07_01,07,VAGB_TCM_GPS_RIDER,IRS,TLIC,Non-FREC,CRP85
2019-11-15,249285,F0LVA07_01,07,VAGB_TCM_GPS_RIDER,IRS,TLIC,Non-FREC,CRP85
2019-11-15,249313,F0LVA07_01,07,VAGB_TCM_GPS_RIDER,IRS,TLIC,Non-FREC,CRP85
2019-11-15,249643,F0LVA07_01,07,VAGB_TCM_GPS_RIDER,IRS,TLIC,Non-FREC,CRP85
2019-11-15,249646,F0LVA07_01,07,VAGB_TCM_GPS_RIDER,IRS,TLIC,Non-FREC,CRP85
2019-11-15,249835,F0LVA07_01,07,VAGB_TCM_GPS_RIDER,IRS,TLIC,Non-FREC,CRP85
2019-11-15,249836,F0LVA07_01,07,VAGB_TCM_GPS_RIDER,IRS,TLIC,Non-FREC,CRP85
2019-11-15,249990,F0LVA07_01,07,VAGB_TCM_GPS_RIDER,IRS,TLIC,Non-FREC,CRP85
2019-11-15,250414,F0LVA07_01,07,VAGB_TCM_GPS_RIDER,IRS,TLIC,Non-FREC,CRP85
2019-11-15,250415,F0LVA07_01,07,VAGB_TCM_GPS_RIDER,IRS,TLIC,Non-FREC,CRP85
2019-11-15,250921,F0LVA07_01,07,VAGB_TCM_GPS_RIDER,IRS,TLIC,Non-FREC,CRP85
2019-11-15,250922,F0LVA07_01,07,VAGB_TCM_GPS_RIDER,IRS,TLIC,Non-FREC,CRP85
2019-11-15,251794,F0LVA07_01,07,VAGB_TCM_GPS_RIDER,IRS,TLIC,Non-FREC,CRP85
2019-11-15,251809,F0LVA07_01,07,VAGB_TCM_GPS_RIDER,IRS,TLIC,Non-FREC,CRP85
2019-11-15,251810,F0LVA26_01,26,VAGB_TCM_GPS_RIDER,IRS,TPLIC,Non-FREC,CRP84
2019-11-15,251811,F0LVA07_01,07,VAGB_TCM_GPS_RIDER,IRS,TLIC,Non-FREC,CRP85
2019-11-15,252064,F0LVA07_01,07,VAGB_TCM_GPS_RIDER,IRS,TLIC,Non-FREC,CRP85
2019-11-15,252065,F0LVA07_01,07,VAGB_TCM_GPS_RIDER,IRS,TLIC,Non-FREC,CRP85
2019-11-15,252204,F0LVA07_01,07,VAGB_TCM_GPS_RIDER,IRS,TLIC,Non-FREC,CRP85
2019-11-15,252205,F0LVA07_01,07,VAGB_TCM_GPS_RIDER,IRS,TLIC,Non-FREC,CRP85
2019-11-15,252209,F0LVA07_01,07,VAGB_TCM_GPS_RIDER,IRS,TLIC,Non-FREC,CRP85
2019-11-15,252324,F0LVA07_01,07,VAGB_TCM_GPS_RIDER,IRS,TLIC,Non-FREC,CRP85
2019-11-15,252325,F0LVA07_01,07,VAGB_TCM_GPS_RIDER,IRS,TLIC,Non-FREC,CRP85
2019-11-15,252329,F0LVA07_01,07,VAGB_TCM_GPS_RIDER,IRS,TLIC,Non-FREC,CRP85
2019-11-15,252330,F0LVA07_01,07,VAGB_TCM_GPS_RIDER,IRS,TLIC,Non-FREC,CRP85
2019-11-15,252335,F0LVA07_01,07,VAGB_TCM_GPS_RIDER,IRS,TLIC,Non-FREC,CRP85
2019-11-15,252502,R05VA10_01,10,VAGB_TARE_GMWB,IRS,TFLIC,TFLIC,CRP60
2019-11-15,252606,F0LVA07_01,07,VAGB_TCM_GPS_RIDER,IRS,TLIC,Non-FREC,CRP85
2019-11-15,252607,F0LVA10_01,10,VAGB_TCM_GPS_RIDER,IRS,TFLIC,TFLIC,CRP115
2019-11-15,252611,F0LVA07_01,07,VAGB_TCM_GPS_RIDER,VAR_SPX,TLIC,Non-FREC,CRP85
2019-11-15,252612,F0LVA07_01,07,VAGB_TCM_GPS_RIDER,VAR_SPX,TLIC,Non-FREC,CRP85
2019-11-15,252698,F0LVA26_01,26,VAGB_TCM_GPS_RIDER,VAR_SPX,TPLIC,Non-FREC,CRP84
2019-11-15,252699,F0LVA26_01,26,VAGB_TCM_GPS_RIDER,VAR_SPX,TPLIC,Non-FREC,CRP84
2019-11-15,252701,F0LVA07_01,07,VAGB_TCM_GPS_RIDER,VAR_SPX,TLIC,Non-FREC,CRP85
2019-11-15,252702,F0LVA07_01,07,VAGB_TCM_GPS_RIDER,VAR_SPX,TLIC,Non-FREC,CRP85
2019-11-15,252861,F0LVA07_01,07,VAGB_TCM_GPS_RIDER,IRS,TLIC,Non-FREC,CRP85
2019-11-15,253097,S01SR07_01,07,TCM_MACRO_DE_HEDGE,PUT_SPX,TLIC,Non-FREC,""
2019-11-15,253103,S01SR07_01,07,TCM_MACRO_DE_HEDGE,PUT_SPX,TLIC,Non-FREC,""
2019-11-15,253262,F0LVA07_01,07,VAGB_TCM_GPS_RIDER,IRS,TLIC,Non-FREC,CRP85
2019-11-15,253263,F0LVA07_01,07,VAGB_TCM_GPS_RIDER,IRS,TLIC,Non-FREC,CRP85
2019-11-15,253278,F0LVA07_01,07,VAGB_TCM_GPS_RIDER,IRS,TLIC,Non-FREC,CRP85
2019-11-15,253367,F0LVA26_01,26,VAGB_TCM_GPS_RIDER,IRS,TPLIC,Non-FREC,CRP84
2019-11-15,253417,F0LVA07_01,07,VAGB_TCM_GPS_RIDER,IRS,TLIC,Non-FREC,CRP85
2019-11-15,253549,F0LVA07_01,07,VAGB_TCM_GPS_RIDER,IRS,TLIC,Non-FREC,CRP85
2019-11-15,253616,F0LVA07_01,07,VAGB_TCM_GPS_RIDER,IRS,TLIC,Non-FREC,CRP85
2019-11-15,253617,F0LVA07_01,07,VAGB_TCM_GPS_RIDER,IRS,TLIC,Non-FREC,CRP85
2019-11-15,253621,R05VA10_01,10,VAGB_TARE_GMWB,IRS,TFLIC,TFLIC,CRP60
2019-11-15,253647,F0LVA07_01,07,VAGB_TCM_GPS_RIDER,VAR_SPX,TLIC,Non-FREC,CRP85
2019-11-15,253648,F0LVA07_01,07,VAGB_TCM_GPS_RIDER,IRS,TLIC,Non-FREC,CRP85
2019-11-15,253661,F0LVA07_01,07,VAGB_TCM_GPS_RIDER,IRS,TLIC,Non-FREC,CRP85
2019-11-15,258259,F0LVA07_01,07,VAGB_TCM_GPS_RIDER,IRS,TLIC,Non-FREC,CRP85
2019-11-15,258268,F0LVA10_01,10,VAGB_TCM_GPS_RIDER,IRS,TFLIC,TFLIC,CRP115
2019-11-15,258355,F0LVA07_01,07,VAGB_TCM_GPS_RIDER,IRS,TLIC,Non-FREC,CRP85
2019-11-15,258986,F0LVA07_01,07,VAGB_TCM_GPS_RIDER,VAR_SPX,TLIC,Non-FREC,CRP85
2019-11-15,259113,F0LVA07_01,07,VAGB_TCM_GPS_RIDER,IRS,TLIC,Non-FREC,CRP85
2019-11-15,259114,F0LVA07_01,07,VAGB_TCM_GPS_RIDER,IRS,TLIC,Non-FREC,CRP85
2019-11-15,260753,F0LVA07_01,07,VAGB_TCM_GPS_RIDER,IRS,TLIC,Non-FREC,CRP85
2019-11-15,261678,F0LVA07_01,07,VAGB_TCM_GPS_RIDER,IRS,TLIC,Non-FREC,CRP85
2019-11-15,261770,F0LVA07_01,07,VAGB_TCM_GPS_RIDER,IRS,TLIC,Non-FREC,CRP85
2019-11-15,261771,F0LVA07_01,07,VAGB_TCM_GPS_RIDER,IRS,TLIC,Non-FREC,CRP85
2019-11-15,261772,F0LVA07_01,07,VAGB_TCM_GPS_RIDER,IRS,TLIC,Non-FREC,CRP85
2019-11-15,262925,F0LVA07_01,07,VAGB_TCM_GPS_RIDER,IRS,TLIC,Non-FREC,CRP85
2019-11-15,262926,F0LVA07_01,07,VAGB_TCM_GPS_RIDER,IRS,TLIC,Non-FREC,CRP85
2019-11-15,262927,F0LVA10_01,10,VAGB_TCM_GPS_RIDER,IRS,TFLIC,TFLIC,CRP115
2019-11-15,262987,F0LVA07_01,07,VAGB_TCM_GPS_RIDER,IRS,TLIC,Non-FREC,CRP85
2019-11-15,262988,F0LVA07_01,07,VAGB_TCM_GPS_RIDER,IRS,TLIC,Non-FREC,CRP85
2019-11-15,262989,F0LVA07_01,07,VAGB_TCM_GPS_RIDER,IRS,TLIC,Non-FREC,CRP85
2019-11-15,264123,F0LVA07_01,07,VAGB_TCM_GPS_RIDER,IRS,TLIC,Non-FREC,CRP85
2019-11-15,264144,F0LVA07_01,07,VAGB_TCM_GPS_RIDER,IRS,TLIC,Non-FREC,CRP85
2019-11-15,264596,F0LVA07_01,07,VAGB_TCM_GPS_RIDER,IRS,TLIC,Non-FREC,CRP85
2019-11-15,264620,F0LVA07_01,07,VAGB_TCM_GPS_RIDER,IRS,TLIC,Non-FREC,CRP85
2019-11-15,264762,F0LVA07_01,07,VAGB_TCM_GPS_RIDER,IRS,TLIC,Non-FREC,CRP85
2019-11-15,264771,R05VA10_01,10,VAGB_TARE_GMWB,IRS,TFLIC,TFLIC,CRP60
2019-11-15,264883,F0LVA07_01,07,VAGB_TCM_GPS_RIDER,VAR_SPX,TLIC,Non-FREC,CRP85
2019-11-15,273031,F0LVA07_01,07,VAGB_TCM_GPS_RIDER,VAR_SPX,TLIC,Non-FREC,CRP85
2019-11-15,273816,F0LVA07_01,07,VAGB_TCM_GPS_RIDER,VAR_SPX,TLIC,Non-FREC,CRP85
2019-11-15,274698,F0LVA07_01,07,VAGB_TCM_GPS_RIDER,TRS_DUAGTRUU,TLIC,Non-FREC,CRP85
2019-11-15,275475,F0LVA07_01,07,VAGB_TCM_GPS_RIDER,IRS,TLIC,Non-FREC,CRP85
2019-11-15,275501,F0LVA07_01,07,VAGB_TCM_GPS_RIDER,IRS,TLIC,Non-FREC,CRP85
2019-11-15,275761,S01SR07_01,07,TCM_MACRO_DE_HEDGE,PUT_SPX,TLIC,Non-FREC,""
2019-11-15,275764,S01SR07_01,07,TCM_MACRO_DE_HEDGE,PUT_SPX,TLIC,Non-FREC,""
2019-11-15,275765,S01SR07_01,07,TCM_MACRO_DE_HEDGE,PUT_SPX,TLIC,Non-FREC,""
2019-11-15,275766,S01SR07_01,07,TCM_MACRO_DE_HEDGE,PUT_SPX,TLIC,Non-FREC,""
2019-11-15,275871,S01SR07_01,07,TCM_MACRO_DE_HEDGE,PUT_SPX,TLIC,Non-FREC,""
2019-11-15,275874,S01SR07_01,07,TCM_MACRO_DE_HEDGE,PUT_SPX,TLIC,Non-FREC,""
2019-11-15,276025,F0LVA07_01,07,VAGB_TCM_GPS_RIDER,TRS_IBOXX,TLIC,Non-FREC,CRP85
2019-11-15,276026,F0LVA07_01,07,VAGB_TCM_GPS_RIDER,TRS_IBOXX,TLIC,Non-FREC,CRP85
2019-11-15,276030,S01SR07_01,07,TCM_MACRO_DE_HEDGE,PUT_SPX,TLIC,Non-FREC,""
2019-11-15,276133,F0LVA07_01,07,VAGB_TCM_GPS_RIDER,TRS_SPTR,TLIC,Non-FREC,CRP85
2019-11-15,276156,F0LVA07_01,07,VAGB_TCM_GPS_RIDER,IRS,TLIC,Non-FREC,CRP85
2019-11-15,276157,F0LVA26_01,26,VAGB_TCM_GPS_RIDER,IRS,TPLIC,Non-FREC,CRP84
2019-11-15,276289,S01SR07_01,07,TCM_MACRO_DE_HEDGE,PUT_SPX,TLIC,Non-FREC,""
2019-11-15,276927,F0LVA07_01,07,VAGB_TCM_GPS_RIDER,FWD_TSY,TLIC,Non-FREC,CRP85
2019-11-15,277154,F0LVA07_01,07,VAGB_TCM_GPS_RIDER,FWD_TSY,TLIC,Non-FREC,CRP85
2019-11-15,277155,F0LVA07_01,07,VAGB_TCM_GPS_RIDER,FWD_TSY,TLIC,Non-FREC,CRP85
2019-11-15,277844,F0LVA07_01,07,VAGB_TCM_GPS_RIDER,TRS_SPTR,TLIC,Non-FREC,CRP85
2019-11-15,277845,F0LVA07_01,07,VAGB_TCM_GPS_RIDER,TRS_RTY,TLIC,Non-FREC,CRP85
2019-11-15,277846,F0LVA10_01,10,VAGB_TCM_GPS_RIDER,TRS_RTY,TFLIC,TFLIC,CRP115
2019-11-15,277847,F0LVA26_01,26,VAGB_TCM_GPS_RIDER,TRS_RTY,TPLIC,Non-FREC,CRP84
2019-11-15,277851,F0LVA07_01,07,VAGB_TCM_GPS_RIDER,FWD_TSY,TLIC,Non-FREC,CRP85
2019-11-15,277891,F0LVA07_01,07,VAGB_TCM_GPS_RIDER,FWD_TSY,TLIC,Non-FREC,CRP85
2019-11-15,277892,F0LVA07_01,07,VAGB_TCM_GPS_RIDER,FWD_TSY,TLIC,Non-FREC,CRP85
2019-11-15,277895,F0LVA07_01,07,VAGB_TCM_GPS_RIDER,FWD_TSY,TLIC,Non-FREC,CRP85
2019-11-15,277896,F0LVA07_01,07,VAGB_TCM_GPS_RIDER,FWD_TSY,TLIC,Non-FREC,CRP85
2019-11-15,278243,F0LVA07_01,07,VAGB_TCM_GPS_RIDER,TRS_SPTR,TLIC,Non-FREC,CRP85
2019-11-15,278244,F0LVA26_01,26,VAGB_TCM_GPS_RIDER,TRS_SPTR,TPLIC,Non-FREC,CRP84
2019-11-15,279404,F0LVA07_01,07,VAGB_TCM_GPS_RIDER,FWD_TSY,TLIC,Non-FREC,CRP85
2019-11-15,279406,F0LVA07_01,07,VAGB_TCM_GPS_RIDER,TRS_IBOXX,TLIC,Non-FREC,CRP85
2019-11-15,279822,F0LVA07_01,07,VAGB_TCM_GPS_RIDER,TRS_GDUEEGF,TLIC,Non-FREC,CRP85
2019-11-15,279823,F0LVA07_01,07,VAGB_TCM_GPS_RIDER,TRS_SPTR,TLIC,Non-FREC,CRP85
2019-11-15,279992,R05VA10_01,10,VAGB_TARE_GMWB,IRS,TFLIC,TFLIC,CRP60
2019-11-15,279993,F0LVA07_01,07,VAGB_TCM_GPS_RIDER,TRS_MDCP,TLIC,Non-FREC,CRP85
2019-11-15,279994,F0LVA07_01,07,VAGB_TCM_GPS_RIDER,TRS_SPTR,TLIC,Non-FREC,CRP85
2019-11-15,280098,R05VA10_01,10,VAGB_TARE_GMWB,IRS,TFLIC,TFLIC,CRP60
2019-11-15,280281,F0LVA07_01,07,VAGB_TCM_GPS_RIDER,FUT_TSY,TLIC,Non-FREC,CRP85
2019-11-15,280282,F0LVA07_01,07,VAGB_TCM_GPS_RIDER,FUT_TSY,TLIC,Non-FREC,CRP85
2019-11-15,280481,F0LVA07_01,07,VAGB_TCM_GPS_RIDER,FUT_TSY,TLIC,Non-FREC,CRP85
2019-11-15,280781,F0LVA07_01,07,VAGB_TCM_GPS_RIDER,FUT_TSY,TLIC,Non-FREC,CRP85
2019-11-15,281069,F0LVA07_01,07,VAGB_TCM_GPS_RIDER,FWD_TSY,TLIC,Non-FREC,CRP85
2019-11-15,281072,F0LVA07_01,07,VAGB_TCM_GPS_RIDER,FUT_TSY,TLIC,Non-FREC,CRP85
2019-11-15,281120,F0LVA07_01,07,VAGB_TCM_GPS_RIDER,FUT_TSY,TLIC,Non-FREC,CRP85
2019-11-15,281122,F0LVA07_01,07,VAGB_TCM_GPS_RIDER,FUT_TSY,TLIC,Non-FREC,CRP85
2019-11-15,281625,F0LVA07_01,07,VAGB_TCM_GPS_RIDER,FWD_TSY,TLIC,Non-FREC,CRP85
2019-11-15,281793,F0LVA07_01,07,VAGB_TCM_GPS_RIDER,FUT_TSY,TLIC,Non-FREC,CRP85
2019-11-15,281852,F0LVA07_01,07,VAGB_TCM_GPS_RIDER,FUT_TSY,TLIC,Non-FREC,CRP85
2019-11-15,281928,F0LVA07_01,07,VAGB_TCM_GPS_RIDER,FWD_TSY,TLIC,Non-FREC,CRP85
2019-11-15,281929,F0LVA07_01,07,VAGB_TCM_GPS_RIDER,FWD_TSY,TLIC,Non-FREC,CRP85
2019-11-15,281962,F0LVA07_01,07,VAGB_TCM_GPS_RIDER,FUT_TSY,TLIC,Non-FREC,CRP85
2019-11-15,282192,F0LVA10_01,10,VAGB_TCM_GPS_RIDER,FUT_TSY,TFLIC,TFLIC,CRP115
2019-11-15,282249,F0LVA07_01,07,VAGB_TCM_GPS_RIDER,FUT_TSY,TLIC,Non-FREC,CRP85
2019-11-15,282250,F0LVA07_01,07,VAGB_TCM_GPS_RIDER,FUT_TSY,TLIC,Non-FREC,CRP85
2019-11-15,282251,F0LVA10_01,10,VAGB_TCM_GPS_RIDER,FUT_TSY,TFLIC,TFLIC,CRP115
2019-11-15,282371,F0LVA26_01,26,VAGB_TCM_GPS_RIDER,FUT_TSY,TPLIC,Non-FREC,CRP84
2019-11-15,282372,R05VA10_01,10,VAGB_TARE_GMWB,FUT_TSY,TFLIC,TFLIC,CRP60
2019-11-15,282374,F0LVA10_01,10,VAGB_TCM_GPS_RIDER,FUT_TSY,TFLIC,TFLIC,CRP115
2019-11-15,282381,F0LVA10_01,10,VAGB_TCM_GPS_RIDER,FUT_TSY,TFLIC,TFLIC,CRP115
2019-11-15,282382,R05VA10_01,10,VAGB_TARE_GMWB,FUT_TSY,TFLIC,TFLIC,CRP60
2019-11-15,282384,F0LVA07_01,07,VAGB_TCM_GPS_RIDER,FUT_TSY,TLIC,Non-FREC,CRP85
2019-11-15,282386,F0LVA07_01,07,VAGB_TCM_GPS_RIDER,FUT_TSY,TLIC,Non-FREC,CRP85
2019-11-15,282387,F0LVA07_01,07,VAGB_TCM_GPS_RIDER,IRS,TLIC,Non-FREC,CRP85
2019-11-15,282414,S01SR07_01,07,TCM_MACRO_DE_HEDGE,FUT_TSY,TLIC,Non-FREC,""
2019-11-15,282477,F0LVA07_01,07,VAGB_TCM_GPS_RIDER,FUT_TSY,TLIC,Non-FREC,CRP85
2019-11-15,282478,F0LVA07_01,07,VAGB_TCM_GPS_RIDER,FUT_TSY,TLIC,Non-FREC,CRP85
2019-11-15,282483,R05VA10_01,10,VAGB_TARE_GMWB,FUT_TSY,TFLIC,TFLIC,CRP60
2019-11-15,282484,F0LVA26_01,26,VAGB_TCM_GPS_RIDER,FUT_TSY,TPLIC,Non-FREC,CRP84
2019-11-15,282487,F0LVA07_01,07,VAGB_TCM_GPS_RIDER,FUT_TSY,TLIC,Non-FREC,CRP85
2019-11-15,282564,F0LVA10_01,10,VAGB_TCM_GPS_RIDER,FUT_TSY,TFLIC,TFLIC,CRP115
2019-11-15,282565,F0LVA07_01,07,VAGB_TCM_GPS_RIDER,FUT_TSY,TLIC,Non-FREC,CRP85
2019-11-15,282566,F0LVA07_01,07,VAGB_TCM_GPS_RIDER,FUT_TSY,TLIC,Non-FREC,CRP85
2019-11-15,282698,F0LVA07_01,07,VAGB_TCM_GPS_RIDER,FUT_TSY,TLIC,Non-FREC,CRP85
2019-11-15,282699,F0LVA07_01,07,VAGB_TCM_GPS_RIDER,FUT_TSY,TLIC,Non-FREC,CRP85
2019-11-15,282720,F0LVA26_01,26,VAGB_TCM_GPS_RIDER,FUT_TSY,TPLIC,Non-FREC,CRP84
2019-11-15,282721,F0LVA26_01,26,VAGB_TCM_GPS_RIDER,FUT_TSY,TPLIC,Non-FREC,CRP84
2019-11-15,282722,F0LVA07_01,07,VAGB_TCM_GPS_RIDER,FUT_TSY,TLIC,Non-FREC,CRP85
2019-11-15,282723,F0LVA10_01,10,VAGB_TCM_GPS_RIDER,FUT_TSY,TFLIC,TFLIC,CRP115
2019-11-15,282761,F0LVA07_01,07,VAGB_TCM_GPS_RIDER,FUT_TSY,TLIC,Non-FREC,CRP85
2019-11-15,282771,F0LVA07_01,07,VAGB_TCM_GPS_RIDER,FUT_TSY,TLIC,Non-FREC,CRP85
2019-11-15,283247,R05VA10_01,10,VAGB_TARE_GMWB,FUT_TSY,TFLIC,TFLIC,CRP60
2019-11-15,283269,F0LVA07_01,07,VAGB_TCM_GPS_RIDER,IRS,TLIC,Non-FREC,CRP85
2019-11-15,284185,F0LVA07_01,07,VAGB_TCM_GPS_RIDER,TRS_EAFE,TLIC,Non-FREC,CRP85
2019-11-15,284239,F0LVA07_01,07,VAGB_TCM_GPS_RIDER,TRS_EAFE,TLIC,Non-FREC,CRP85
2019-11-15,284241,R05VA10_01,10,VAGB_TARE_GMWB,TRS_EAFE,TFLIC,TFLIC,CRP60
2019-11-15,284242,F0LVA10_01,10,VAGB_TCM_GPS_RIDER,TRS_EAFE,TFLIC,TFLIC,CRP115
2019-11-15,284243,F0LVA07_01,07,VAGB_TCM_GPS_RIDER,TRS_SPTR,TLIC,Non-FREC,CRP85
2019-11-15,284460,F0LVA07_01,07,VAGB_TCM_GPS_RIDER,TRS_RTY,TLIC,Non-FREC,CRP85
2019-11-15,284461,F0LVA07_01,07,VAGB_TCM_GPS_RIDER,TRS_MDCP,TLIC,Non-FREC,CRP85
2019-11-15,284462,F0LVA10_01,10,VAGB_TCM_GPS_RIDER,TRS_SPTR,TFLIC,TFLIC,CRP115
2019-11-15,284463,R05VA10_01,10,VAGB_TARE_GMWB,TRS_SPTR,TFLIC,TFLIC,CRP60
2019-11-15,284464,F0LVA07_01,07,VAGB_TCM_GPS_RIDER,TRS_SPTR,TLIC,Non-FREC,CRP85
2019-11-15,284528,R01SS07_01,07,VAGB_TARE_GMDB_KEMPER,FUT_SPX,TLIC,Non-FREC,CRP116
2019-11-15,284530,R01SS07_01,07,VAGB_TARE_GMDB,FUT_SPX,TLIC,Non-FREC,CRP90
2019-11-15,285028,R01SS07_01,07,VAGB_TARE_GMDB,FUT_SPX,TLIC,Non-FREC,CRP90
2019-11-15,285034,R01SS07_01,07,VAGB_TARE_GMDB_KEMPER,FUT_SPX,TLIC,Non-FREC,CRP116
2019-11-15,285247,R01SS07_01,07,VAGB_TARE_GMDB,FUT_SPX,TLIC,Non-FREC,CRP90
2019-11-15,285275,R01SS07_01,07,VAGB_TARE_GMDB_KEMPER,FUT_SPX,TLIC,Non-FREC,CRP116
2019-11-15,285285,F0LVA26_01,26,VAGB_TCM_GPS_RIDER,FUT_EM,TPLIC,Non-FREC,CRP84
2019-11-15,285289,S01SR07_01,07,TCM_MACRO_DE_HEDGE,FUT_EAFE,TLIC,Non-FREC,""
2019-11-15,285301,R05VA10_01,10,VAGB_TARE_GMWB,FUT_EAFE,TFLIC,TFLIC,CRP60
2019-11-15,285323,F0LVA10_01,10,VAGB_TCM_GPS_RIDER,FUT_EAFE,TFLIC,TFLIC,CRP115
2019-11-15,285339,F0LVA07_01,07,VAGB_TCM_GPS_RIDER,FUT_EAFE,TLIC,Non-FREC,CRP85
2019-11-15,285340,F0LVA07_01,07,VAGB_TCM_GPS_RIDER,FUT_EAFE,TLIC,Non-FREC,CRP85
2019-11-15,285342,F0LVA10_01,10,VAGB_TCM_GPS_RIDER,FUT_RTY,TFLIC,TFLIC,CRP115
2019-11-15,285344,F0LVA07_01,07,VAGB_TCM_GPS_RIDER,FUT_EAFE,TLIC,Non-FREC,CRP85
2019-11-15,285410,F0LVA10_01,10,VAGB_TCM_GPS_RIDER,FUT_RTY,TFLIC,TFLIC,CRP115
2019-11-15,285425,F0LVA26_01,26,VAGB_TCM_GPS_RIDER,FUT_MDCP,TPLIC,Non-FREC,CRP84
2019-11-15,285433,R05VA10_01,10,VAGB_TARE_GMWB,FUT_SPX,TFLIC,TFLIC,CRP60
2019-11-15,285434,R01SS07_01,07,VAGB_TARE_GMDB,FUT_SPX,TLIC,Non-FREC,CRP90
2019-11-15,285439,F0LVA10_01,10,VAGB_TCM_GPS_RIDER,FUT_MDCP,TFLIC,TFLIC,CRP115
2019-11-15,285441,R01SS07_01,07,VAGB_TARE_GMDB_KEMPER,FUT_SPX,TLIC,Non-FREC,CRP116
2019-11-15,285442,F0LVA26_01,26,VAGB_TCM_GPS_RIDER,FUT_RTY,TPLIC,Non-FREC,CRP84
2019-11-15,285447,S01SR07_01,07,TCM_MACRO_DE_HEDGE,FUT_RTY,TLIC,Non-FREC,""
2019-11-15,285454,F0LVA10_01,10,VAGB_TCM_GPS_RIDER,FUT_SPX,TFLIC,TFLIC,CRP115
2019-11-15,285466,F0LVA07_01,07,VAGB_TCM_GPS_RIDER,FUT_TSY,TLIC,Non-FREC,CRP85
2019-11-15,285467,F0LVA07_01,07,VAGB_TCM_GPS_RIDER,FUT_TSY,TLIC,Non-FREC,CRP85
2019-11-15,285468,F0LVA07_01,07,VAGB_TCM_GPS_RIDER,FUT_TSY,TLIC,Non-FREC,CRP85
2019-11-15,285469,F0LVA07_01,07,VAGB_TCM_GPS_RIDER,FUT_TSY,TLIC,Non-FREC,CRP85
2019-11-15,285470,F0LVA07_01,07,VAGB_TCM_GPS_RIDER,FUT_TSY,TLIC,Non-FREC,CRP85
2019-11-15,285478,F0LVA07_01,07,VAGB_TCM_GPS_RIDER,FUT_EAFE,TLIC,Non-FREC,CRP85
2019-11-15,285480,R05VA10_01,10,VAGB_TARE_GMWB,FUT_RTY,TFLIC,TFLIC,CRP60
2019-11-15,285515,F0LVA07_01,07,VAGB_TCM_GPS_RIDER,FUT_EAFE,TLIC,Non-FREC,CRP85
2019-11-15,285532,F0LVA07_01,07,VAGB_TCM_GPS_RIDER,FUT_TSY,TLIC,Non-FREC,CRP85
2019-11-15,285533,F0LVA07_01,07,VAGB_TCM_GPS_RIDER,FUT_TSY,TLIC,Non-FREC,CRP85
2019-11-15,285534,F0LVA07_01,07,VAGB_TCM_GPS_RIDER,FUT_TSY,TLIC,Non-FREC,CRP85
2019-11-15,285589,F0LVA07_01,07,VAGB_TCM_GPS_RIDER,FWD_TSY,TLIC,Non-FREC,CRP85
2019-11-15,285590,F0LVA07_01,07,VAGB_TCM_GPS_RIDER,FWD_TSY,TLIC,Non-FREC,CRP85
2019-11-15,285602,S01SR07_01,07,TCM_MACRO_DE_HEDGE,PUT_SPX,TLIC,Non-FREC,""
2019-11-15,285604,S01SR07_01,07,TCM_MACRO_DE_HEDGE,CALL_SPX,TLIC,Non-FREC,""
2019-11-15,285771,F0LVA07_01,07,VAGB_TCM_GPS_RIDER,FWD_TSY,TLIC,Non-FREC,CRP85
2019-11-15,285796,F0LVA07_01,07,VAGB_TCM_GPS_RIDER,FUT_EAFE,TLIC,Non-FREC,CRP85
2019-11-15,285798,F0LVA10_01,10,VAGB_TCM_GPS_RIDER,FUT_EAFE,TFLIC,TFLIC,CRP115
2019-11-15,285992,F0LVA07_01,07,VAGB_TCM_GPS_RIDER,IRS,TLIC,Non-FREC,CRP85
2019-11-15,285997,F0LVA07_01,07,VAGB_TCM_GPS_RIDER,FUT_EAFE,TLIC,Non-FREC,CRP85
2019-11-15,286000,F0LVA07_01,07,VAGB_TCM_GPS_RIDER,IRS,TLIC,Non-FREC,CRP85
2019-11-15,286204,F0LVA07_01,07,VAGB_TCM_GPS_RIDER,FUT_EAFE,TLIC,Non-FREC,CRP85
2019-11-15,286234,F0LVA07_01,07,VAGB_TCM_GPS_RIDER,IRS,TLIC,Non-FREC,CRP85
2019-11-15,286236,F0LVA07_01,07,VAGB_TCM_GPS_RIDER,FUT_TSY,TLIC,Non-FREC,CRP85
2019-11-15,286237,F0LVA07_01,07,VAGB_TCM_GPS_RIDER,FUT_TSY,TLIC,Non-FREC,CRP85
2019-11-15,286238,F0LVA07_01,07,VAGB_TCM_GPS_RIDER,FUT_TSY,TLIC,Non-FREC,CRP85
2019-11-15,286239,F0LVA07_01,07,VAGB_TCM_GPS_RIDER,FUT_TSY,TLIC,Non-FREC,CRP85
2019-11-15,286240,F0LVA07_01,07,VAGB_TCM_GPS_RIDER,FUT_TSY,TLIC,Non-FREC,CRP85
2019-11-15,286241,F0LVA07_01,07,VAGB_TCM_GPS_RIDER,FUT_TSY,TLIC,Non-FREC,CRP85
2019-11-15,286248,F0LVA07_01,07,VAGB_TCM_GPS_RIDER,FUT_EAFE,TLIC,Non-FREC,CRP85
2019-11-15,286250,F0LVA10_01,10,VAGB_TCM_GPS_RIDER,FUT_EAFE,TFLIC,TFLIC,CRP115
2019-11-15,286254,F0LVA07_01,07,VAGB_TCM_GPS_RIDER,FUT_TSY,TLIC,Non-FREC,CRP85
2019-11-15,286262,F0LVA07_01,07,VAGB_TCM_GPS_RIDER,FUT_TSY,TLIC,Non-FREC,CRP85
2019-11-15,286315,F0LVA07_01,07,VAGB_TCM_GPS_RIDER,FUT_TSY,TLIC,Non-FREC,CRP85
2019-11-15,286316,F0LVA07_01,07,VAGB_TCM_GPS_RIDER,FUT_TSY,TLIC,Non-FREC,CRP85
2019-11-15,286317,F0LVA26_01,26,VAGB_TCM_GPS_RIDER,FUT_TSY,TPLIC,Non-FREC,CRP84
2019-11-15,286318,F0LVA07_01,07,VAGB_TCM_GPS_RIDER,FUT_TSY,TLIC,Non-FREC,CRP85
2019-11-15,286319,F0LVA07_01,07,VAGB_TCM_GPS_RIDER,FUT_TSY,TLIC,Non-FREC,CRP85
2019-11-15,286320,F0LVA07_01,07,VAGB_TCM_GPS_RIDER,FUT_TSY,TLIC,Non-FREC,CRP85
2019-11-15,286367,F0LVA07_01,07,VAGB_TCM_GPS_RIDER,FWD_TSY,TLIC,Non-FREC,CRP85
2019-11-15,286368,F0LVA07_01,07,VAGB_TCM_GPS_RIDER,FWD_TSY,TLIC,Non-FREC,CRP85
2019-11-15,286369,F0LVA07_01,07,VAGB_TCM_GPS_RIDER,FWD_TSY,TLIC,Non-FREC,CRP85
2019-11-15,286374,R05VA10_01,10,VAGB_TARE_GMWB,FUT_MDCP,TFLIC,TFLIC,CRP60
2019-11-15,286377,F0LVA07_01,07,VAGB_TCM_GPS_RIDER,FUT_EAFE,TLIC,Non-FREC,CRP85
2019-11-15,286419,S01SR07_01,07,TCM_MACRO_DE_HEDGE,CALL_SPX,TLIC,Non-FREC,""
2019-11-15,286420,S01SR07_01,07,TCM_MACRO_DE_HEDGE,PUT_SPX,TLIC,Non-FREC,""
2019-11-15,286421,S01SR07_01,07,TCM_MACRO_DE_HEDGE,PUT_SPX,TLIC,Non-FREC,""
2019-11-15,286422,F0LVA10_01,10,VAGB_TCM_GPS_RIDER,FUT_SPX,TFLIC,TFLIC,CRP115
2019-11-15,286462,F0LVA07_01,07,VAGB_TCM_GPS_RIDER,FUT_EM,TLIC,Non-FREC,CRP85
2019-11-15,286470,F0LVA26_01,26,VAGB_TCM_GPS_RIDER,FUT_EAFE,TPLIC,Non-FREC,CRP84
2019-11-15,286547,F0LVA07_01,07,VAGB_TCM_GPS_RIDER,FUT_MDCP,TLIC,Non-FREC,CRP85
2019-11-15,286549,F0LVA07_01,07,VAGB_TCM_GPS_RIDER,FUT_EAFE,TLIC,Non-FREC,CRP85
2019-11-15,286550,F0LVA07_01,07,VAGB_TCM_GPS_RIDER,FUT_EAFE,TLIC,Non-FREC,CRP85
2019-11-15,286555,F0LVA10_01,10,VAGB_TCM_GPS_RIDER,FUT_SPX,TFLIC,TFLIC,CRP115
2019-11-15,286572,F0LVA07_01,07,VAGB_TCM_GPS_RIDER,FUT_EAFE,TLIC,Non-FREC,CRP85
2019-11-15,286574,F0LVA10_01,10,VAGB_TCM_GPS_RIDER,FUT_SPX,TFLIC,TFLIC,CRP115
2019-11-15,286575,F0LVA07_01,07,VAGB_TCM_GPS_RIDER,FUT_EAFE,TLIC,Non-FREC,CRP85
2019-11-15,286578,F0LVA07_01,07,VAGB_TCM_GPS_RIDER,FUT_TSY,TLIC,Non-FREC,CRP85
2019-11-15,286579,F0LVA07_01,07,VAGB_TCM_GPS_RIDER,FUT_TSY,TLIC,Non-FREC,CRP85
2019-11-15,286580,F0LVA10_01,10,VAGB_TCM_GPS_RIDER,FUT_TSY,TFLIC,TFLIC,CRP115
2019-11-15,286581,F0LVA07_01,07,VAGB_TCM_GPS_RIDER,FUT_TSY,TLIC,Non-FREC,CRP85
2019-11-15,286582,F0LVA07_01,07,VAGB_TCM_GPS_RIDER,FUT_TSY,TLIC,Non-FREC,CRP85
2019-11-15,286604,F0LVA07_01,07,VAGB_TCM_GPS_RIDER,FUT_EAFE,TLIC,Non-FREC,CRP85
2019-11-15,286605,F0LVA07_01,07,VAGB_TCM_GPS_RIDER,FUT_RTY,TLIC,Non-FREC,CRP85
2019-11-15,286606,F0LVA10_01,10,VAGB_TCM_GPS_RIDER,FUT_SPX,TFLIC,TFLIC,CRP115
2019-11-15,286639,F0LVA10_01,10,VAGB_TCM_GPS_RIDER,FUT_EAFE,TFLIC,TFLIC,CRP115
2019-11-15,286642,F0LVA07_01,07,VAGB_TCM_GPS_RIDER,FUT_SPX,TLIC,Non-FREC,CRP85
2019-11-15,286643,F0LVA07_01,07,VAGB_TCM_GPS_RIDER,FUT_RTY,TLIC,Non-FREC,CRP85
2019-11-15,286644,F0LVA07_01,07,VAGB_TCM_GPS_RIDER,FUT_MDCP,TLIC,Non-FREC,CRP85
2019-11-15,286645,F0LVA07_01,07,VAGB_TCM_GPS_RIDER,FUT_EAFE,TLIC,Non-FREC,CRP85
2019-11-15,286649,F0LVA07_01,07,VAGB_TCM_GPS_RIDER,FUT_TSY,TLIC,Non-FREC,CRP85
2019-11-15,286650,F0LVA07_01,07,VAGB_TCM_GPS_RIDER,FUT_TSY,TLIC,Non-FREC,CRP85
2019-11-15,286813,F0LVA07_01,07,VAGB_TCM_GPS_RIDER,FUT_TSY,TLIC,Non-FREC,CRP85
2019-11-15,286814,F0LVA10_01,10,VAGB_TCM_GPS_RIDER,FUT_TSY,TFLIC,TFLIC,CRP115
2019-11-15,286815,F0LVA07_01,07,VAGB_TCM_GPS_RIDER,FUT_TSY,TLIC,Non-FREC,CRP85
2019-11-15,286816,F0LVA26_01,26,VAGB_TCM_GPS_RIDER,FUT_TSY,TPLIC,Non-FREC,CRP84
2019-11-15,286817,R05VA10_01,10,VAGB_TARE_GMWB,FUT_TSY,TFLIC,TFLIC,CRP60
2019-11-15,286818,F0LVA07_01,07,VAGB_TCM_GPS_RIDER,FUT_TSY,TLIC,Non-FREC,CRP85
2019-11-15,286819,F0LVA07_01,07,VAGB_TCM_GPS_RIDER,FUT_TSY,TLIC,Non-FREC,CRP85
2019-11-15,286820,F0LVA07_01,07,VAGB_TCM_GPS_RIDER,FUT_TSY,TLIC,Non-FREC,CRP85
2019-11-15,286821,F0LVA07_01,07,VAGB_TCM_GPS_RIDER,FUT_TSY,TLIC,Non-FREC,CRP85
2019-11-15,286822,F0LVA07_01,07,VAGB_TCM_GPS_RIDER,FUT_TSY,TLIC,Non-FREC,CRP85
2019-11-15,286833,F0LVA07_01,07,VAGB_TCM_GPS_RIDER,FUT_TSY,TLIC,Non-FREC,CRP85
2019-11-15,286834,F0LVA07_01,07,VAGB_TCM_GPS_RIDER,FUT_TSY,TLIC,Non-FREC,CRP85
2019-11-15,286835,F0LVA07_01,07,VAGB_TCM_GPS_RIDER,FUT_TSY,TLIC,Non-FREC,CRP85
2019-11-15,286836,F0LVA07_01,07,VAGB_TCM_GPS_RIDER,FUT_TSY,TLIC,Non-FREC,CRP85
2019-11-15,286837,F0LVA07_01,07,VAGB_TCM_GPS_RIDER,FUT_TSY,TLIC,Non-FREC,CRP85
2019-11-15,286855,F0LVA07_01,07,VAGB_TCM_GPS_RIDER,FUT_SPX,TLIC,Non-FREC,CRP85
2019-11-15,286856,F0LVA07_01,07,VAGB_TCM_GPS_RIDER,FUT_SPX,TLIC,Non-FREC,CRP85
2019-11-15,286858,F0LVA07_01,07,VAGB_TCM_GPS_RIDER,FWD_TSY,TLIC,Non-FREC,CRP85
2019-11-15,286862,F0LVA07_01,07,VAGB_TCM_GPS_RIDER,FUT_EAFE,TLIC,Non-FREC,CRP85
2019-11-15,286864,F0LVA07_01,07,VAGB_TCM_GPS_RIDER,FUT_EAFE,TLIC,Non-FREC,CRP85
2019-11-15,286939,S01SR07_01,07,TCM_MACRO_DE_HEDGE,FUT_TSY,TLIC,Non-FREC,""
2019-11-15,286960,F0LVA07_01,07,VAGB_TCM_GPS_RIDER,FUT_SPX,TLIC,Non-FREC,CRP85
2019-11-15,286961,F0LVA07_01,07,VAGB_TCM_GPS_RIDER,FUT_EAFE,TLIC,Non-FREC,CRP85
2019-11-15,286962,F0LVA07_01,07,VAGB_TCM_GPS_RIDER,FUT_SPX,TLIC,Non-FREC,CRP85
2019-11-15,286964,F0LVA07_01,07,VAGB_TCM_GPS_RIDER,FUT_SPX,TLIC,Non-FREC,CRP85
2019-11-15,286997,F0LVA07_01,07,VAGB_TCM_GPS_RIDER,FUT_SPX,TLIC,Non-FREC,CRP85
2019-11-15,286998,F0LVA07_01,07,VAGB_TCM_GPS_RIDER,FUT_EAFE,TLIC,Non-FREC,CRP85
2019-11-15,286999,F0LVA07_01,07,VAGB_TCM_GPS_RIDER,FUT_SPX,TLIC,Non-FREC,CRP85
2019-11-15,287023,F0LVA07_01,07,VAGB_TCM_GPS_RIDER,FUT_SPX,TLIC,Non-FREC,CRP85
2019-11-15,287024,F0LVA10_01,10,VAGB_TCM_GPS_RIDER,FUT_EAFE,TFLIC,TFLIC,CRP115
2019-11-15,287025,F0LVA07_01,07,VAGB_TCM_GPS_RIDER,FUT_MDCP,TLIC,Non-FREC,CRP85
2019-11-15,287026,F0LVA07_01,07,VAGB_TCM_GPS_RIDER,FUT_RTY,TLIC,Non-FREC,CRP85
2019-11-15,287027,F0LVA07_01,07,VAGB_TCM_GPS_RIDER,FUT_EAFE,TLIC,Non-FREC,CRP85
2019-11-15,287028,F0LVA10_01,10,VAGB_TCM_GPS_RIDER,FUT_SPX,TFLIC,TFLIC,CRP115
2019-11-15,287156,F0LVA07_01,07,VAGB_TCM_GPS_RIDER,FUT_TSY,TLIC,Non-FREC,CRP85
2019-11-15,287391,F0LVA07_01,07,VAGB_TCM_GPS_RIDER,FWD_TSY,TLIC,Non-FREC,CRP85
2019-11-15,287392,F0LVA07_01,07,VAGB_TCM_GPS_RIDER,FWD_TSY,TLIC,Non-FREC,CRP85
2019-11-15,287590,F0LVA07_01,07,VAGB_TCM_GPS_RIDER,FUT_SPX,TLIC,Non-FREC,CRP85
2019-11-15,287599,F0LVA07_01,07,VAGB_TCM_GPS_RIDER,FUT_SPX,TLIC,Non-FREC,CRP85
2019-11-15,287600,F0LVA07_01,07,VAGB_TCM_GPS_RIDER,FUT_EAFE,TLIC,Non-FREC,CRP85
2019-11-15,287645,F0LVA07_01,07,VAGB_TCM_GPS_RIDER,TRS_GDUEEGF,TLIC,Non-FREC,CRP85
2019-11-15,287646,F0LVA26_01,26,VAGB_TCM_GPS_RIDER,TRS_GDUEEGF,TPLIC,Non-FREC,CRP84
2019-11-15,287647,F0LVA10_01,10,VAGB_TCM_GPS_RIDER,TRS_GDUEEGF,TFLIC,TFLIC,CRP115
2019-11-15,287648,F0LVA07_01,07,VAGB_TCM_GPS_RIDER,TRS_EAFE,TLIC,Non-FREC,CRP85
2019-11-15,287649,F0LVA26_01,26,VAGB_TCM_GPS_RIDER,TRS_EAFE,TPLIC,Non-FREC,CRP84
2019-11-15,287650,F0LVA10_01,10,VAGB_TCM_GPS_RIDER,TRS_EAFE,TFLIC,TFLIC,CRP115
2019-11-15,287651,R05VA10_01,10,VAGB_TARE_GMWB,TRS_EAFE,TFLIC,TFLIC,CRP60
2019-11-15,287652,F0LVA07_01,07,VAGB_TCM_GPS_RIDER,FWD_TSY,TLIC,Non-FREC,CRP85
2019-11-15,287830,F0LVA07_01,07,VAGB_TCM_GPS_RIDER,FWD_TSY,TLIC,Non-FREC,CRP85
2019-11-15,287831,F0LVA07_01,07,VAGB_TCM_GPS_RIDER,FWD_TSY,TLIC,Non-FREC,CRP85
2019-11-15,287832,F0LVA07_01,07,VAGB_TCM_GPS_RIDER,FWD_TSY,TLIC,Non-FREC,CRP85
2019-11-15,287833,F0LVA07_01,07,VAGB_TCM_GPS_RIDER,FWD_TSY,TLIC,Non-FREC,CRP85
2019-11-15,287837,F0LVA07_01,07,VAGB_TCM_GPS_RIDER,TRS_MDCP,TLIC,Non-FREC,CRP85
2019-11-15,287838,F0LVA26_01,26,VAGB_TCM_GPS_RIDER,TRS_MDCP,TPLIC,Non-FREC,CRP84
2019-11-15,287839,F0LVA10_01,10,VAGB_TCM_GPS_RIDER,TRS_MDCP,TFLIC,TFLIC,CRP115
2019-11-15,287842,R05VA10_01,10,VAGB_TARE_GMWB,TRS_MDCP,TFLIC,TFLIC,CRP60
2019-11-15,287855,F0LVA07_01,07,VAGB_TCM_GPS_RIDER,TRS_RTY,TLIC,Non-FREC,CRP85
2019-11-15,287856,F0LVA10_01,10,VAGB_TCM_GPS_RIDER,TRS_RTY,TFLIC,TFLIC,CRP115
2019-11-15,287857,F0LVA07_01,07,VAGB_TCM_GPS_RIDER,TRS_SPTR,TLIC,Non-FREC,CRP85
2019-11-15,287860,F0LVA07_01,07,VAGB_TCM_GPS_RIDER,FUT_EAFE,TLIC,Non-FREC,CRP85
2019-11-15,287861,F0LVA07_01,07,VAGB_TCM_GPS_RIDER,FUT_SPX,TLIC,Non-FREC,CRP85
2019-11-15,287945,F0LVA07_01,07,VAGB_TCM_GPS_RIDER,FWD_TSY,TLIC,Non-FREC,CRP85
2019-11-15,287946,F0LVA07_01,07,VAGB_TCM_GPS_RIDER,FWD_TSY,TLIC,Non-FREC,CRP85
2019-11-15,288069,F0LVA07_01,07,VAGB_TCM_GPS_RIDER,FWD_TSY,TLIC,Non-FREC,CRP85
2019-11-15,288070,F0LVA07_01,07,VAGB_TCM_GPS_RIDER,FWD_TSY,TLIC,Non-FREC,CRP85
2019-11-15,288071,F0LVA07_01,07,VAGB_TCM_GPS_RIDER,FUT_SPX,TLIC,Non-FREC,CRP85
2019-11-15,288072,F0LVA07_01,07,VAGB_TCM_GPS_RIDER,FUT_EAFE,TLIC,Non-FREC,CRP85
2019-11-15,288073,F0LVA07_01,07,VAGB_TCM_GPS_RIDER,FUT_SPX,TLIC,Non-FREC,CRP85
2019-11-15,288343,F0LVA07_01,07,VAGB_TCM_GPS_RIDER,FWD_TSY,TLIC,Non-FREC,CRP85
2019-11-15,288350,F0LVA07_01,07,VAGB_TCM_GPS_RIDER,FUT_SPX,TLIC,Non-FREC,CRP85
2019-11-15,288351,F0LVA07_01,07,VAGB_TCM_GPS_RIDER,FUT_MDCP,TLIC,Non-FREC,CRP85
2019-11-15,288352,F0LVA07_01,07,VAGB_TCM_GPS_RIDER,FUT_SPX,TLIC,Non-FREC,CRP85
2019-11-15,288354,F0LVA07_01,07,VAGB_TCM_GPS_RIDER,FUT_EAFE,TLIC,Non-FREC,CRP85
2019-11-15,288434,F0LVA07_01,07,VAGB_TCM_GPS_RIDER,FUT_SPX,TLIC,Non-FREC,CRP85
2019-11-15,288535,F0LVA07_01,07,VAGB_TCM_GPS_RIDER,IRS,TLIC,Non-FREC,CRP85
2019-11-15,288582,F0LVA07_01,07,VAGB_TCM_GPS_RIDER,FWD_TSY,TLIC,Non-FREC,CRP85
2019-11-15,288601,S01SR07_01,07,TCM_MACRO_DE_HEDGE,FUT_SPX,TLIC,Non-FREC,""
2019-11-15,288627,S01SR07_01,07,TCM_MACRO_DE_HEDGE,FUT_SPX,TLIC,Non-FREC,""
2019-11-15,288670,F0LVA07_01,07,VAGB_TCM_GPS_RIDER,FUT_SPX,TLIC,Non-FREC,CRP85
2019-11-15,288671,F0LVA07_01,07,VAGB_TCM_GPS_RIDER,FUT_SPX,TLIC,Non-FREC,CRP85
2019-11-15,288683,F0LVA07_01,07,VAGB_TCM_GPS_RIDER,FUT_SPX,TLIC,Non-FREC,CRP85
2019-11-15,288684,F0LVA07_01,07,VAGB_TCM_GPS_RIDER,FUT_EAFE,TLIC,Non-FREC,CRP85
2019-11-15,288704,F0LVA07_01,07,VAGB_TCM_GPS_RIDER,FUT_SPX,TLIC,Non-FREC,CRP85
2019-11-15,288858,F0LVA07_01,07,VAGB_TCM_GPS_RIDER,FUT_TSY,TLIC,Non-FREC,CRP85
2019-11-15,288868,F0LVA07_01,07,VAGB_TCM_GPS_RIDER,FUT_RTY,TLIC,Non-FREC,CRP85
2019-11-15,288869,F0LVA07_01,07,VAGB_TCM_GPS_RIDER,FUT_MDCP,TLIC,Non-FREC,CRP85
2019-11-15,288870,F0LVA07_01,07,VAGB_TCM_GPS_RIDER,FUT_EAFE,TLIC,Non-FREC,CRP85
2019-11-15,288949,F0LVA07_01,07,VAGB_TCM_GPS_RIDER,FUT_TSY,TLIC,Non-FREC,CRP85
2019-11-15,289147,S01SR07_01,07,TCM_MACRO_DE_HEDGE,FUT_SPX,TLIC,Non-FREC,""
2019-11-15,289301,S01SR07_01,07,TCM_MACRO_DE_HEDGE,FUT_SPX,TLIC,Non-FREC,""
2019-11-15,289463,F0LVA07_01,07,VAGB_TCM_GPS_RIDER,FUT_RTY,TLIC,Non-FREC,CRP85
2019-11-15,289503,F0LVA26_01,26,VAGB_TCM_GPS_RIDER,FUT_TSY,TPLIC,Non-FREC,CRP84
2019-11-15,289507,F0LVA07_01,07,VAGB_TCM_GPS_RIDER,FUT_EAFE,TLIC,Non-FREC,CRP85
2019-11-15,289508,F0LVA07_01,07,VAGB_TCM_GPS_RIDER,FUT_SPX,TLIC,Non-FREC,CRP85
2019-11-15,289532,F0LVA07_01,07,VAGB_TCM_GPS_RIDER,FUT_EAFE,TLIC,Non-FREC,CRP85
2019-11-15,289533,F0LVA07_01,07,VAGB_TCM_GPS_RIDER,FUT_RTY,TLIC,Non-FREC,CRP85
2019-11-15,289535,F0LVA07_01,07,VAGB_TCM_GPS_RIDER,FUT_SPX,TLIC,Non-FREC,CRP85
2019-11-15,289971,R05VA10_01,10,VAGB_TARE_GMWB,FUT_SPX,TFLIC,TFLIC,CRP60
2019-11-15,290203,S01SR07_01,07,TCM_MACRO_DE_HEDGE,FUT_SPX,TLIC,Non-FREC,""
2019-11-15,290210,F0LVA26_01,26,VAGB_TCM_GPS_RIDER,FUT_SPX,TPLIC,Non-FREC,CRP84
2019-11-15,290226,F0LVA07_01,07,VAGB_TCM_GPS_RIDER,FUT_SPX,TLIC,Non-FREC,CRP85
2019-11-15,290227,F0LVA07_01,07,VAGB_TCM_GPS_RIDER,FUT_EAFE,TLIC,Non-FREC,CRP85
2019-11-15,290548,F0LVA07_01,07,VAGB_TCM_GPS_RIDER,TRS_EAFE,TLIC,Non-FREC,CRP85
2019-11-15,290549,F0LVA10_01,10,VAGB_TCM_GPS_RIDER,TRS_EAFE,TFLIC,TFLIC,CRP115
2019-11-15,290550,F0LVA26_01,26,VAGB_TCM_GPS_RIDER,TRS_SPTR,TPLIC,Non-FREC,CRP84
2019-11-15,290551,F0LVA10_01,10,VAGB_TCM_GPS_RIDER,TRS_SPTR,TFLIC,TFLIC,CRP115
2019-11-15,290552,F0LVA07_01,07,VAGB_TCM_GPS_RIDER,TRS_SPTR,TLIC,Non-FREC,CRP85
2019-11-15,290560,F0LVA07_01,07,VAGB_TCM_GPS_RIDER,FUT_SPX,TLIC,Non-FREC,CRP85
2019-11-15,290756,F0LVA07_01,07,VAGB_TCM_GPS_RIDER,TRS_SPTR,TLIC,Non-FREC,CRP85
2019-11-15,290757,F0LVA07_01,07,VAGB_TCM_GPS_RIDER,FUT_RTY,TLIC,Non-FREC,CRP85
2019-11-15,290768,S01SR07_01,07,TCM_MACRO_DE_HEDGE,FUT_SPX,TLIC,Non-FREC,""
2019-11-15,290774,F0LVA10_01,10,VAGB_TCM_GPS_RIDER,FUT_EAFE,TFLIC,TFLIC,CRP115
2019-11-15,290776,F0LVA07_01,07,VAGB_TCM_GPS_RIDER,FUT_EAFE,TLIC,Non-FREC,CRP85
2019-11-15,290777,F0LVA07_01,07,VAGB_TCM_GPS_RIDER,FUT_SPX,TLIC,Non-FREC,CRP85
2019-11-15,290778,F0LVA07_01,07,VAGB_TCM_GPS_RIDER,FUT_MDCP,TLIC,Non-FREC,CRP85
2019-11-15,290995,F0LVA10_01,10,VAGB_TCM_GPS_RIDER,FUT_RTY,TFLIC,TFLIC,CRP115
2019-11-15,290997,F0LVA07_01,07,VAGB_TCM_GPS_RIDER,FUT_SPX,TLIC,Non-FREC,CRP85
2019-11-15,290998,F0LVA07_01,07,VAGB_TCM_GPS_RIDER,FUT_EAFE,TLIC,Non-FREC,CRP85
2019-11-15,290999,F0LVA07_01,07,VAGB_TCM_GPS_RIDER,FUT_RTY,TLIC,Non-FREC,CRP85
2019-11-15,291023,F0LVA07_01,07,VAGB_TCM_GPS_RIDER,FUT_TSY,TLIC,Non-FREC,CRP85
2019-11-15,291035,F0LVA07_01,07,VAGB_TCM_GPS_RIDER,FUT_TSY,TLIC,Non-FREC,CRP85
2019-11-15,291044,S01SR07_01,07,TCM_MACRO_DE_HEDGE,FUT_SPX,TLIC,Non-FREC,""
2019-11-15,291046,F0LVA07_01,07,VAGB_TCM_GPS_RIDER,FUT_TSY,TLIC,Non-FREC,CRP85
2019-11-15,42582,F0LVA07_01,07,VAGB_TCM_GPS_RIDER,IRS,TLIC,Non-FREC,CRP85
2019-11-15,42584,F0LVA07_01,07,VAGB_TCM_GPS_RIDER,IRS,TLIC,Non-FREC,CRP85
2019-11-15,42593,R01SS07_01,07,VAGB_TARE_GMDB,IRS,TLIC,Non-FREC,CRP90
2019-11-15,42596,R01SS07_01,07,VAGB_TARE_GMDB,IRS,TLIC,Non-FREC,CRP90
2019-11-15,42598,R05VA10_01,10,VAGB_TARE_GMWB,IRS,TFLIC,TFLIC,CRP60
2019-11-15,42601,F0LVA07_01,07,VAGB_TCM_GPS_RIDER,IRS,TLIC,Non-FREC,CRP85
2019-11-15,42602,F0LVA07_01,07,VAGB_TCM_GPS_RIDER,IRS,TLIC,Non-FREC,CRP85
2019-11-15,42605,R05VA10_01,10,VAGB_TARE_GMWB,IRS,TFLIC,TFLIC,CRP60
2019-11-15,42606,F0LVA07_01,07,VAGB_TCM_GPS_RIDER,IRS,TLIC,Non-FREC,CRP85
2019-11-15,42612,R05VA10_01,10,VAGB_TARE_GMWB,IRS,TFLIC,TFLIC,CRP60
2019-11-15,42613,F0LVA07_01,07,VAGB_TCM_GPS_RIDER,IRS,TLIC,Non-FREC,CRP85
2019-11-15,42631,F0LVA07_01,07,VAGB_TCM_GPS_RIDER,IRS,TLIC,Non-FREC,CRP85
2019-11-15,42885,R05VA10_01,10,VAGB_TARE_GMWB,IRS,TFLIC,TFLIC,CRP60
2019-11-15,43023,F0LVA07_01,07,VAGB_TCM_GPS_RIDER,IRS,TLIC,Non-FREC,CRP85
2019-11-15,43049,F0LVA07_01,07,VAGB_TCM_GPS_RIDER,IRS,TLIC,Non-FREC,CRP85
2019-11-15,43050,F0LVA07_01,07,VAGB_TCM_GPS_RIDER,IRS,TLIC,Non-FREC,CRP85
2019-11-15,43051,F0LVA07_01,07,VAGB_TCM_GPS_RIDER,IRS,TLIC,Non-FREC,CRP85
2019-11-15,43056,F0LVA07_01,07,VAGB_TCM_GPS_RIDER,IRS,TLIC,Non-FREC,CRP85
2019-11-15,43058,R05VA10_01,10,VAGB_TARE_GMWB,IRS,TFLIC,TFLIC,CRP60
2019-11-15,43060,R05VA10_01,10,VAGB_TARE_GMWB,IRS,TFLIC,TFLIC,CRP60
2019-11-15,43061,R05VA10_01,10,VAGB_TARE_GMWB,IRS,TFLIC,TFLIC,CRP60
2019-11-15,43065,R05VA10_01,10,VAGB_TARE_GMWB,IRS,TFLIC,TFLIC,CRP60
2019-11-15,43066,F0LVA07_01,07,VAGB_TCM_GPS_RIDER,IRS,TLIC,Non-FREC,CRP85
2019-11-15,43067,F0LVA07_01,07,VAGB_TCM_GPS_RIDER,IRS,TLIC,Non-FREC,CRP85
2019-11-15,43068,F0LVA07_01,07,VAGB_TCM_GPS_RIDER,IRS,TLIC,Non-FREC,CRP85
2019-11-15,43070,F0LVA07_01,07,VAGB_TCM_GPS_RIDER,IRS,TLIC,Non-FREC,CRP85
2019-11-15,43072,F0LVA07_01,07,VAGB_TCM_GPS_RIDER,IRS,TLIC,Non-FREC,CRP85
2019-11-15,43073,F0LVA07_01,07,VAGB_TCM_GPS_RIDER,IRS,TLIC,Non-FREC,CRP85
2019-11-15,43074,F0LVA07_01,07,VAGB_TCM_GPS_RIDER,IRS,TLIC,Non-FREC,CRP85
2019-11-15,48477,R05VA10_01,10,VAGB_TARE_GMWB,IRS,TFLIC,TFLIC,CRP60
2019-11-15,49723,R05VA10_01,10,VAGB_TARE_GMWB,IRS,TFLIC,TFLIC,CRP60
2019-11-15,49724,R05VA10_01,10,VAGB_TARE_GMWB,IRS,TFLIC,TFLIC,CRP60
2019-11-15,52877,F0LVA07_01,07,VAGB_TCM_GPS_RIDER,IRS,TLIC,Non-FREC,CRP85
2019-11-15,52944,R05VA10_01,10,VAGB_TARE_GMWB,IRS,TFLIC,TFLIC,CRP60
2019-11-15,56769,F0LVA07_01,07,VAGB_TCM_GPS_RIDER,IRS,TLIC,Non-FREC,CRP85
2019-11-15,56774,F0LVA07_01,07,VAGB_TCM_GPS_RIDER,IRS,TLIC,Non-FREC,CRP85
2019-11-15,57415,F0LVA07_01,07,VAGB_TCM_GPS_RIDER,IRS,TLIC,Non-FREC,CRP85
2019-11-15,57416,F0LVA07_01,07,VAGB_TCM_GPS_RIDER,IRS,TLIC,Non-FREC,CRP85
2019-11-15,57563,F0LVA07_01,07,VAGB_TCM_GPS_RIDER,IRS,TLIC,Non-FREC,CRP85
2019-11-15,58567,R05VA10_01,10,VAGB_TARE_GMWB,IRS,TFLIC,TFLIC,CRP60
2019-11-15,60008,R05VA10_01,10,VAGB_TARE_GMWB,IRS,TFLIC,TFLIC,CRP60
2019-11-15,60025,R05VA10_01,10,VAGB_TARE_GMWB,IRS,TFLIC,TFLIC,CRP60
2019-11-15,60027,R05VA10_01,10,VAGB_TARE_GMWB,IRS,TFLIC,TFLIC,CRP60
2019-11-15,60561,R05VA10_01,10,VAGB_TARE_GMWB,IRS,TFLIC,TFLIC,CRP60
2019-11-15,60693,F0LVA07_01,07,VAGB_TCM_GPS_RIDER,IRS,TLIC,Non-FREC,CRP85
2019-11-15,60755,R05VA10_01,10,VAGB_TARE_GMWB,IRS,TFLIC,TFLIC,CRP60
2019-11-15,60886,R05VA10_01,10,VAGB_TARE_GMWB,IRS,TFLIC,TFLIC,CRP60
2019-11-15,64211,F0LVA07_01,07,VAGB_TCM_GPS_RIDER,IRS,TLIC,Non-FREC,CRP85
2019-11-15,71029,F0LVA07_01,07,VAGB_TCM_GPS_RIDER,IRS,TLIC,Non-FREC,CRP85
2019-11-15,71035,F0LVA07_01,07,VAGB_TCM_GPS_RIDER,IRS,TLIC,Non-FREC,CRP85
2019-11-15,71949,R05VA10_01,10,VAGB_TARE_GMWB,IRS,TFLIC,TFLIC,CRP60
2019-11-15,72540,F0LVA07_01,07,VAGB_TCM_GPS_RIDER,IRS,TLIC,Non-FREC,CRP85
2019-11-15,73687,F0LVA07_01,07,VAGB_TCM_GPS_RIDER,IRS,TLIC,Non-FREC,CRP85
2019-11-15,73792,R05VA10_01,10,VAGB_TARE_GMWB,IRS,TFLIC,TFLIC,CRP60
2019-11-15,73793,R05VA10_01,10,VAGB_TARE_GMWB,IRS,TFLIC,TFLIC,CRP60
2019-11-15,74836,R05VA10_01,10,VAGB_TARE_GMWB,IRS,TFLIC,TFLIC,CRP60
2019-11-15,75085,F0LVA07_01,07,VAGB_TCM_GPS_RIDER,IRS,TLIC,Non-FREC,CRP85
2019-11-15,75265,R05VA10_01,10,VAGB_TARE_GMWB,IRS,TFLIC,TFLIC,CRP60
2019-11-15,75266,R05VA10_01,10,VAGB_TARE_GMWB,IRS,TFLIC,TFLIC,CRP60
2019-11-15,75267,R05VA10_01,10,VAGB_TARE_GMWB,IRS,TFLIC,TFLIC,CRP60
2019-11-15,75269,F0LVA07_01,07,VAGB_TCM_GPS_RIDER,IRS,TLIC,Non-FREC,CRP85
2019-11-15,75270,F0LVA07_01,07,VAGB_TCM_GPS_RIDER,IRS,TLIC,Non-FREC,CRP85
2019-11-15,75649,R05VA10_01,10,VAGB_TARE_GMWB,IRS,TFLIC,TFLIC,CRP60
2019-11-15,75651,R05VA10_01,10,VAGB_TARE_GMWB,IRS,TFLIC,TFLIC,CRP60
2019-11-15,75652,R05VA10_01,10,VAGB_TARE_GMWB,IRS,TFLIC,TFLIC,CRP60
2019-11-15,76223,F0LVA07_01,07,VAGB_TCM_GPS_RIDER,IRS,TLIC,Non-FREC,CRP85
2019-11-15,76225,F0LVA07_01,07,VAGB_TCM_GPS_RIDER,IRS,TLIC,Non-FREC,CRP85
2019-11-15,76481,F0LVA07_01,07,VAGB_TCM_GPS_RIDER,IRS,TLIC,Non-FREC,CRP85
2019-11-15,78180,F0LVA07_01,07,VAGB_TCM_GPS_RIDER,IRS,TLIC,Non-FREC,CRP85
2019-11-15,78181,F0LVA07_01,07,VAGB_TCM_GPS_RIDER,IRS,TLIC,Non-FREC,CRP85
2019-11-15,78499,F0LVA07_01,07,VAGB_TCM_GPS_RIDER,IRS,TLIC,Non-FREC,CRP85
2019-11-15,78500,F0LVA07_01,07,VAGB_TCM_GPS_RIDER,IRS,TLIC,Non-FREC,CRP85
2019-11-15,78501,F0LVA07_01,07,VAGB_TCM_GPS_RIDER,IRS,TLIC,Non-FREC,CRP85
2019-11-15,78502,F0LVA07_01,07,VAGB_TCM_GPS_RIDER,IRS,TLIC,Non-FREC,CRP85
2019-11-15,78995,R05VA10_01,10,VAGB_TARE_GMWB,IRS,TFLIC,TFLIC,CRP60
2019-11-15,79006,R05VA10_01,10,VAGB_TARE_GMWB,IRS,TFLIC,TFLIC,CRP60
2019-11-15,80563,F0LVA07_01,07,VAGB_TCM_GPS_RIDER,IRS,TLIC,Non-FREC,CRP85
2019-11-15,81167,R05VA10_01,10,VAGB_TARE_GMWB,IRS,TFLIC,TFLIC,CRP60
2019-11-15,81168,F0LVA07_01,07,VAGB_TCM_GPS_RIDER,IRS,TLIC,Non-FREC,CRP85
2019-11-15,81169,F0LVA07_01,07,VAGB_TCM_GPS_RIDER,IRS,TLIC,Non-FREC,CRP85
2019-11-15,81170,F0LVA07_01,07,VAGB_TCM_GPS_RIDER,IRS,TLIC,Non-FREC,CRP85
2019-11-15,81270,F0LVA07_01,07,VAGB_TCM_GPS_RIDER,IRS,TLIC,Non-FREC,CRP85
2019-11-15,81271,F0LVA07_01,07,VAGB_TCM_GPS_RIDER,IRS,TLIC,Non-FREC,CRP85
2019-11-15,82450,R05VA10_01,10,VAGB_TARE_GMWB,IRS,TFLIC,TFLIC,CRP60
2019-11-15,82622,F0LVA07_01,07,VAGB_TCM_GPS_RIDER,IRS,TLIC,Non-FREC,CRP85
2019-11-15,83388,R05VA10_01,10,VAGB_TARE_GMWB,IRS,TFLIC,TFLIC,CRP60
2019-11-15,84963,R05VA10_01,10,VAGB_TARE_GMWB,IRS,TFLIC,TFLIC,CRP60
2019-11-15,86633,F0LVA07_01,07,VAGB_TCM_GPS_RIDER,IRS,TLIC,Non-FREC,CRP85
2019-11-15,86634,F0LVA07_01,07,VAGB_TCM_GPS_RIDER,IRS,TLIC,Non-FREC,CRP85
2019-11-15,86635,F0LVA07_01,07,VAGB_TCM_GPS_RIDER,IRS,TLIC,Non-FREC,CRP85
2019-11-15,86636,R05VA10_01,10,VAGB_TARE_GMWB,IRS,TFLIC,TFLIC,CRP60
2019-11-15,86637,R05VA10_01,10,VAGB_TARE_GMWB,IRS,TFLIC,TFLIC,CRP60
2019-11-15,88498,F0LVA07_01,07,VAGB_TCM_GPS_RIDER,IRS,TLIC,Non-FREC,CRP85
2019-11-15,88937,F0LVA07_01,07,VAGB_TCM_GPS_RIDER,IRS,TLIC,Non-FREC,CRP85
2019-11-15,89873,F0LVA07_01,07,VAGB_TCM_GPS_RIDER,IRS,TLIC,Non-FREC,CRP85
2019-11-15,89875,F0LVA07_01,07,VAGB_TCM_GPS_RIDER,IRS,TLIC,Non-FREC,CRP85
2019-11-15,90183,R05VA10_01,10,VAGB_TARE_GMWB,IRS,TFLIC,TFLIC,CRP60
2019-11-15,90402,R05VA10_01,10,VAGB_TARE_GMWB,IRS,TFLIC,TFLIC,CRP60
2019-11-15,91072,R05VA10_01,10,VAGB_TARE_GMWB,IRS,TFLIC,TFLIC,CRP60
2019-11-15,91073,R05VA10_01,10,VAGB_TARE_GMWB,IRS,TFLIC,TFLIC,CRP60
2019-11-15,91677,R05VA10_01,10,VAGB_TARE_GMWB,IRS,TFLIC,TFLIC,CRP60
2019-11-15,91678,F0LVA07_01,07,VAGB_TCM_GPS_RIDER,IRS,TLIC,Non-FREC,CRP85
2019-11-15,92157,R05VA10_01,10,VAGB_TARE_GMWB,IRS,TFLIC,TFLIC,CRP60
2019-11-15,92515,R05VA10_01,10,VAGB_TARE_GMWB,IRS,TFLIC,TFLIC,CRP60
2019-11-15,92516,R05VA10_01,10,VAGB_TARE_GMWB,IRS,TFLIC,TFLIC,CRP60
2019-11-15,92666,R05VA10_01,10,VAGB_TARE_GMWB,IRS,TFLIC,TFLIC,CRP60
2019-11-15,93129,F0LVA07_01,07,VAGB_TCM_GPS_RIDER,IRS,TLIC,Non-FREC,CRP85
2019-11-15,93130,F0LVA07_01,07,VAGB_TCM_GPS_RIDER,IRS,TLIC,Non-FREC,CRP85
2019-11-15,93131,F0LVA07_01,07,VAGB_TCM_GPS_RIDER,IRS,TLIC,Non-FREC,CRP85
2019-11-15,93242,R05VA10_01,10,VAGB_TARE_GMWB,IRS,TFLIC,TFLIC,CRP60
2019-11-15,93383,R05VA10_01,10,VAGB_TARE_GMWB,IRS,TFLIC,TFLIC,CRP60
2019-11-15,93870,R05VA10_01,10,VAGB_TARE_GMWB,IRS,TFLIC,TFLIC,CRP60
2019-11-15,94424,R05VA10_01,10,VAGB_TARE_GMWB,IRS,TFLIC,TFLIC,CRP60
2019-11-15,95377,F0LVA07_01,07,VAGB_TCM_GPS_RIDER,IRS,TLIC,Non-FREC,CRP85
2019-11-15,96475,F0LVA07_01,07,VAGB_TCM_GPS_RIDER,IRS,TLIC,Non-FREC,CRP85
2019-11-15,96476,F0LVA07_01,07,VAGB_TCM_GPS_RIDER,IRS,TLIC,Non-FREC,CRP85
2019-11-15,96674,R05VA10_01,10,VAGB_TARE_GMWB,IRS,TFLIC,TFLIC,CRP60
2019-11-15,96899,R05VA10_01,10,VAGB_TARE_GMWB,IRS,TFLIC,TFLIC,CRP60
2019-11-15,97815,R05VA10_01,10,VAGB_TARE_GMWB,IRS,TFLIC,TFLIC,CRP60
2019-11-15,99757,F0LVA07_01,07,VAGB_TCM_GPS_RIDER,IRS,TLIC,Non-FREC,CRP85
2019-11-15,99769,F0LVA07_01,07,VAGB_TCM_GPS_RIDER,IRS,TLIC,Non-FREC,CRP85
2019-11-15,99858,R05VA10_01,10,VAGB_TARE_GMWB,IRS,TFLIC,TFLIC,CRP60
